{
    "version": "0.4",
    "title": "About Us 2",
    "type": "section",
    "metadata": {
        "template_type": "section",
        "elementor_pro_required": false,
        "wp_page_template": "default"
    },
    "content": [
        {
            "id": "3c1b824c",
            "settings": {
                "stretch_section": "section-stretched",
                "height": "min-height",
                "background_background": "classic",
                "background_image": {
                    "id": 1108,
                    "url": "https:\/\/wp.envatoextensions.com\/collection-10\/wp-content\/uploads\/sites\/13\/2018\/05\/image-from-rawpixel-id-1364-jpeg.jpg"
                },
                "background_repeat": "no-repeat",
                "background_size": "cover",
                "margin": {
                    "unit": "px",
                    "top": "",
                    "right": 0,
                    "bottom": "",
                    "left": 0,
                    "isLinked": true
                },
                "background_position": "top center",
                "html_tag": "header",
                "custom_height": {
                    "unit": "px",
                    "size": 550
                },
                "background_overlay_background": "gradient",
                "background_overlay_color": "#091441",
                "background_overlay_color_b": "rgba(46, 57, 111, 0.28)",
                "background_overlay_gradient_angle": {
                    "unit": "deg",
                    "size": 360,
                    "sizes": []
                },
                "background_overlay_opacity": {
                    "unit": "px",
                    "size": 1,
                    "sizes": []
                },
                "padding_mobile": {
                    "unit": "em",
                    "top": "1",
                    "right": "1",
                    "bottom": "1",
                    "left": "1",
                    "isLinked": true
                }
            },
            "elements": [
                {
                    "id": "61654c69",
                    "settings": {
                        "_column_size": 100,
                        "margin": {
                            "unit": "%",
                            "top": "0",
                            "right": "50",
                            "bottom": "0",
                            "left": "0",
                            "isLinked": false
                        },
                        "margin_mobile": {
                            "unit": "px",
                            "top": "0",
                            "right": "0",
                            "bottom": "0",
                            "left": "0",
                            "isLinked": false
                        },
                        "padding": {
                            "unit": "em",
                            "top": "2",
                            "right": "2",
                            "bottom": "2",
                            "left": "2",
                            "isLinked": true
                        },
                        "padding_mobile": {
                            "unit": "px",
                            "top": "0",
                            "right": "0",
                            "bottom": "0",
                            "left": "0",
                            "isLinked": false
                        }
                    },
                    "elements": [
                        {
                            "id": "5e29c4d5",
                            "settings": {
                                "title": "experience to be trusted",
                                "header_size": "h4",
                                "align": "left",
                                "title_color": "#FFFFFF",
                                "typography_typography": "custom",
                                "typography_font_family": "Rajdhani",
                                "typography_font_size": {
                                    "unit": "em",
                                    "size": 1.5,
                                    "sizes": []
                                },
                                "typography_font_weight": "400",
                                "typography_text_transform": "capitalize",
                                "typography_font_style": "normal",
                                "typography_text_decoration": "none",
                                "align_mobile": "center"
                            },
                            "elements": [],
                            "isInner": false,
                            "widgetType": "heading",
                            "elType": "widget"
                        },
                        {
                            "id": "10b0682e",
                            "settings": {
                                "title": "About Us",
                                "title_color": "#FFFFFF",
                                "typography_typography": "custom",
                                "typography_font_size": {
                                    "unit": "em",
                                    "size": 3.2999999999999998,
                                    "sizes": []
                                },
                                "header_size": "h1",
                                "align_mobile": "center",
                                "typography_font_family": "Rajdhani",
                                "typography_font_weight": "800",
                                "typography_text_transform": "capitalize",
                                "typography_font_style": "normal",
                                "typography_text_decoration": "none"
                            },
                            "elements": [],
                            "isInner": false,
                            "widgetType": "heading",
                            "elType": "widget"
                        },
                        {
                            "id": "4305c7f9",
                            "settings": {
                                "weight": {
                                    "unit": "px",
                                    "size": 3.2999999999999998
                                },
                                "color": "#FF5E14",
                                "width": {
                                    "unit": "px",
                                    "size": 381
                                },
                                "gap": {
                                    "unit": "px",
                                    "size": 2
                                },
                                "_margin": {
                                    "unit": "px",
                                    "top": "-15",
                                    "right": "0",
                                    "bottom": "0",
                                    "left": "0",
                                    "isLinked": false
                                },
                                "text": "Divider",
                                "align": "left",
                                "style": "slashes",
                                "pattern_height": {
                                    "unit": "px",
                                    "size": 6.5,
                                    "sizes": []
                                },
                                "pattern_size": {
                                    "unit": "px",
                                    "size": 12.199999999999999,
                                    "sizes": []
                                },
                                "width_mobile": {
                                    "unit": "%",
                                    "size": 83,
                                    "sizes": []
                                },
                                "align_mobile": "center"
                            },
                            "elements": [],
                            "isInner": false,
                            "widgetType": "divider",
                            "elType": "widget"
                        },
                        {
                            "id": "51eea146",
                            "settings": {
                                "editor": "<p>Faucibus turpis in eu mi. Ac tortor vitae purus faucibus ornare suspendisse. Aenean euismod elementum nisi quis.<\/p>",
                                "text_color": "#FFFFFF",
                                "typography_font_size": {
                                    "unit": "em",
                                    "size": 1
                                },
                                "align_mobile": "center",
                                "typography_font_family": "Open Sans",
                                "typography_font_weight": "300",
                                "typography_line_height": {
                                    "unit": "em",
                                    "size": 1.6000000000000001
                                },
                                "_border_width": {
                                    "unit": "px",
                                    "top": "0",
                                    "right": "0",
                                    "bottom": "0",
                                    "left": "0",
                                    "isLinked": true
                                },
                                "_border_radius": {
                                    "unit": "px",
                                    "top": "0",
                                    "right": "0",
                                    "bottom": "0",
                                    "left": "0",
                                    "isLinked": true
                                }
                            },
                            "elements": [],
                            "isInner": false,
                            "widgetType": "text-editor",
                            "elType": "widget"
                        }
                    ],
                    "isInner": false,
                    "elType": "column"
                }
            ],
            "isInner": false,
            "elType": "section"
        },
        {
            "id": "548f187a",
            "settings": {
                "structure": "20",
                "margin": {
                    "unit": "px",
                    "top": "",
                    "right": 0,
                    "bottom": "",
                    "left": 0,
                    "isLinked": true
                },
                "html_tag": "section",
                "background_background": "classic",
                "background_color": "#ffffff",
                "margin_tablet": {
                    "unit": "px",
                    "top": "0",
                    "right": 0,
                    "bottom": "0",
                    "left": 0,
                    "isLinked": false
                },
                "padding": {
                    "unit": "em",
                    "top": "5",
                    "right": "0",
                    "bottom": "5",
                    "left": "0",
                    "isLinked": false
                }
            },
            "elements": [
                {
                    "id": "574fcb55",
                    "settings": {
                        "_column_size": 50,
                        "_inline_size": null
                    },
                    "elements": [
                        {
                            "id": "22c255b8",
                            "settings": {
                                "title": "Industrial continues to grow everyday thanks to the confidence our clients have in us.",
                                "title_color": "#1d1d37",
                                "typography_typography": "custom",
                                "typography_font_size": {
                                    "unit": "em",
                                    "size": 3
                                },
                                "typography_line_height": {
                                    "unit": "em",
                                    "size": 1.1000000000000001
                                },
                                "typography_font_size_mobile": {
                                    "unit": "px",
                                    "size": 36
                                }
                            },
                            "elements": [],
                            "isInner": false,
                            "widgetType": "heading",
                            "elType": "widget"
                        }
                    ],
                    "isInner": false,
                    "elType": "column"
                },
                {
                    "id": "37528b53",
                    "settings": {
                        "_column_size": 50,
                        "_inline_size": null
                    },
                    "elements": [
                        {
                            "id": "5cd9925c",
                            "settings": {
                                "structure": "20",
                                "margin": {
                                    "unit": "px",
                                    "top": "0",
                                    "right": 0,
                                    "bottom": "20",
                                    "left": 0,
                                    "isLinked": false
                                }
                            },
                            "elements": [
                                {
                                    "id": "4551e053",
                                    "settings": {
                                        "_column_size": 50,
                                        "_inline_size": null
                                    },
                                    "elements": [
                                        {
                                            "id": "aa090be",
                                            "settings": {
                                                "title": "Balance Life Work",
                                                "header_size": "h3",
                                                "title_color": "#1d1d37",
                                                "typography_typography": "custom",
                                                "typography_font_size": {
                                                    "unit": "em",
                                                    "size": 1.3999999999999999
                                                },
                                                "typography_font_weight": "500",
                                                "typography_line_height": {
                                                    "unit": "em",
                                                    "size": 1.2
                                                },
                                                "_margin": {
                                                    "unit": "px",
                                                    "top": "-10",
                                                    "right": "0",
                                                    "bottom": "0",
                                                    "left": "0",
                                                    "isLinked": false
                                                }
                                            },
                                            "elements": [],
                                            "isInner": false,
                                            "widgetType": "heading",
                                            "elType": "widget"
                                        },
                                        {
                                            "id": "65a77a3f",
                                            "settings": {
                                                "editor": "<p>Safety is one of the highest priorities within Industrio. And the company will keep it that way.<\/p>",
                                                "text_color": "#434343",
                                                "typography_typography": "custom",
                                                "typography_line_height": {
                                                    "unit": "em",
                                                    "size": 1.6000000000000001
                                                },
                                                "typography_font_size": {
                                                    "unit": "em",
                                                    "size": 0.90000000000000002,
                                                    "sizes": []
                                                }
                                            },
                                            "elements": [],
                                            "isInner": false,
                                            "widgetType": "text-editor",
                                            "elType": "widget"
                                        },
                                        {
                                            "id": "51f40f3e",
                                            "settings": {
                                                "text": "Read More",
                                                "size": "xs",
                                                "typography_typography": "custom",
                                                "button_text_color": "#ff3600",
                                                "background_color": "rgba(0,0,0,0)",
                                                "border_border": "solid",
                                                "border_width": {
                                                    "unit": "px",
                                                    "top": "0",
                                                    "right": "0",
                                                    "bottom": "2",
                                                    "left": "0",
                                                    "isLinked": false
                                                },
                                                "border_color": "#ff3600",
                                                "text_padding": {
                                                    "unit": "px",
                                                    "top": "0",
                                                    "right": "0",
                                                    "bottom": "03",
                                                    "left": "0",
                                                    "isLinked": false
                                                },
                                                "hover_animation": "grow"
                                            },
                                            "elements": [],
                                            "isInner": false,
                                            "widgetType": "button",
                                            "elType": "widget"
                                        }
                                    ],
                                    "isInner": true,
                                    "elType": "column"
                                },
                                {
                                    "id": "409cc537",
                                    "settings": {
                                        "_column_size": 50,
                                        "_inline_size": null
                                    },
                                    "elements": [
                                        {
                                            "id": "1668fcfc",
                                            "settings": {
                                                "title": "Green Environment",
                                                "header_size": "h3",
                                                "title_color": "#1d1d37",
                                                "typography_typography": "custom",
                                                "typography_font_size": {
                                                    "unit": "em",
                                                    "size": 1.3999999999999999
                                                },
                                                "typography_font_weight": "500",
                                                "typography_line_height": {
                                                    "unit": "em",
                                                    "size": 1.2
                                                },
                                                "_margin": {
                                                    "unit": "px",
                                                    "top": "-10",
                                                    "right": "0",
                                                    "bottom": "0",
                                                    "left": "0",
                                                    "isLinked": false
                                                }
                                            },
                                            "elements": [],
                                            "isInner": false,
                                            "widgetType": "heading",
                                            "elType": "widget"
                                        },
                                        {
                                            "id": "65fadeb2",
                                            "settings": {
                                                "editor": "<p>We produce technology to help factory and farmer become more sustainable.<\/p>",
                                                "text_color": "#434343",
                                                "typography_typography": "custom",
                                                "typography_line_height": {
                                                    "unit": "em",
                                                    "size": 1.6000000000000001
                                                },
                                                "typography_font_size": {
                                                    "unit": "em",
                                                    "size": 0.90000000000000002,
                                                    "sizes": []
                                                }
                                            },
                                            "elements": [],
                                            "isInner": false,
                                            "widgetType": "text-editor",
                                            "elType": "widget"
                                        },
                                        {
                                            "id": "2916ace1",
                                            "settings": {
                                                "text": "Read More",
                                                "size": "xs",
                                                "typography_typography": "custom",
                                                "button_text_color": "#ff3600",
                                                "background_color": "rgba(0,0,0,0)",
                                                "border_border": "solid",
                                                "border_width": {
                                                    "unit": "px",
                                                    "top": "0",
                                                    "right": "0",
                                                    "bottom": "2",
                                                    "left": "0",
                                                    "isLinked": false
                                                },
                                                "border_color": "#ff3600",
                                                "text_padding": {
                                                    "unit": "px",
                                                    "top": "0",
                                                    "right": "0",
                                                    "bottom": "03",
                                                    "left": "0",
                                                    "isLinked": false
                                                },
                                                "hover_animation": "grow"
                                            },
                                            "elements": [],
                                            "isInner": false,
                                            "widgetType": "button",
                                            "elType": "widget"
                                        }
                                    ],
                                    "isInner": true,
                                    "elType": "column"
                                }
                            ],
                            "isInner": true,
                            "elType": "section"
                        },
                        {
                            "id": "e9c719b",
                            "settings": {
                                "structure": "20"
                            },
                            "elements": [
                                {
                                    "id": "486a794",
                                    "settings": {
                                        "_column_size": 50,
                                        "_inline_size": null
                                    },
                                    "elements": [
                                        {
                                            "id": "3bc226ad",
                                            "settings": {
                                                "title": "Eco-efficiency",
                                                "header_size": "h3",
                                                "title_color": "#1d1d37",
                                                "typography_typography": "custom",
                                                "typography_font_size": {
                                                    "unit": "em",
                                                    "size": 1.3999999999999999
                                                },
                                                "typography_font_weight": "500",
                                                "typography_line_height": {
                                                    "unit": "em",
                                                    "size": 1.2
                                                },
                                                "_margin": {
                                                    "unit": "px",
                                                    "top": "-10",
                                                    "right": "0",
                                                    "bottom": "0",
                                                    "left": "0",
                                                    "isLinked": false
                                                }
                                            },
                                            "elements": [],
                                            "isInner": false,
                                            "widgetType": "heading",
                                            "elType": "widget"
                                        },
                                        {
                                            "id": "7d832ae2",
                                            "settings": {
                                                "editor": "<p>Research and identify garbage and model manufactures resource flows.<\/p>",
                                                "text_color": "#434343",
                                                "typography_typography": "custom",
                                                "typography_line_height": {
                                                    "unit": "em",
                                                    "size": 1.6000000000000001
                                                },
                                                "typography_font_size": {
                                                    "unit": "em",
                                                    "size": 0.90000000000000002,
                                                    "sizes": []
                                                }
                                            },
                                            "elements": [],
                                            "isInner": false,
                                            "widgetType": "text-editor",
                                            "elType": "widget"
                                        },
                                        {
                                            "id": "e889437",
                                            "settings": {
                                                "text": "Read More",
                                                "size": "xs",
                                                "typography_typography": "custom",
                                                "button_text_color": "#ff3600",
                                                "background_color": "rgba(0,0,0,0)",
                                                "border_border": "solid",
                                                "border_width": {
                                                    "unit": "px",
                                                    "top": "0",
                                                    "right": "0",
                                                    "bottom": "2",
                                                    "left": "0",
                                                    "isLinked": false
                                                },
                                                "border_color": "#ff3600",
                                                "text_padding": {
                                                    "unit": "px",
                                                    "top": "0",
                                                    "right": "0",
                                                    "bottom": "03",
                                                    "left": "0",
                                                    "isLinked": false
                                                },
                                                "hover_animation": "grow"
                                            },
                                            "elements": [],
                                            "isInner": false,
                                            "widgetType": "button",
                                            "elType": "widget"
                                        }
                                    ],
                                    "isInner": true,
                                    "elType": "column"
                                },
                                {
                                    "id": "42a66545",
                                    "settings": {
                                        "_column_size": 50,
                                        "_inline_size": null
                                    },
                                    "elements": [
                                        {
                                            "id": "8e9e758",
                                            "settings": {
                                                "title": "High Integrity",
                                                "header_size": "h3",
                                                "title_color": "#1d1d37",
                                                "typography_typography": "custom",
                                                "typography_font_size": {
                                                    "unit": "em",
                                                    "size": 1.3999999999999999
                                                },
                                                "typography_font_weight": "500",
                                                "typography_line_height": {
                                                    "unit": "em",
                                                    "size": 1.2
                                                },
                                                "_margin": {
                                                    "unit": "px",
                                                    "top": "-10",
                                                    "right": "0",
                                                    "bottom": "0",
                                                    "left": "0",
                                                    "isLinked": false
                                                }
                                            },
                                            "elements": [],
                                            "isInner": false,
                                            "widgetType": "heading",
                                            "elType": "widget"
                                        },
                                        {
                                            "id": "5eb15186",
                                            "settings": {
                                                "editor": "Research and decision sciences papers on sustainability and green industry.",
                                                "text_color": "#434343",
                                                "typography_typography": "custom",
                                                "typography_line_height": {
                                                    "unit": "em",
                                                    "size": 1.6000000000000001
                                                },
                                                "typography_font_size": {
                                                    "unit": "em",
                                                    "size": 0.90000000000000002,
                                                    "sizes": []
                                                }
                                            },
                                            "elements": [],
                                            "isInner": false,
                                            "widgetType": "text-editor",
                                            "elType": "widget"
                                        },
                                        {
                                            "id": "49d30165",
                                            "settings": {
                                                "text": "Read More",
                                                "size": "xs",
                                                "typography_typography": "custom",
                                                "button_text_color": "#ff3600",
                                                "background_color": "rgba(0,0,0,0)",
                                                "border_border": "solid",
                                                "border_width": {
                                                    "unit": "px",
                                                    "top": "0",
                                                    "right": "0",
                                                    "bottom": "2",
                                                    "left": "0",
                                                    "isLinked": false
                                                },
                                                "border_color": "#ff3600",
                                                "text_padding": {
                                                    "unit": "px",
                                                    "top": "0",
                                                    "right": "0",
                                                    "bottom": "03",
                                                    "left": "0",
                                                    "isLinked": false
                                                },
                                                "hover_animation": "grow"
                                            },
                                            "elements": [],
                                            "isInner": false,
                                            "widgetType": "button",
                                            "elType": "widget"
                                        }
                                    ],
                                    "isInner": true,
                                    "elType": "column"
                                }
                            ],
                            "isInner": true,
                            "elType": "section"
                        }
                    ],
                    "isInner": false,
                    "elType": "column"
                }
            ],
            "isInner": false,
            "elType": "section"
        },
        {
            "id": "1a85ac5a",
            "settings": {
                "background_background": "classic",
                "background_image": {
                    "id": 1063,
                    "url": "https:\/\/wp.envatoextensions.com\/collection-10\/wp-content\/uploads\/sites\/13\/2018\/05\/img_Envato_ConstructionKit_about4.jpg"
                },
                "html_tag": "header",
                "stretch_section": "section-stretched",
                "content_width": {
                    "unit": "px",
                    "size": 980,
                    "sizes": []
                },
                "height": "min-height",
                "custom_height": {
                    "unit": "px",
                    "size": 550
                },
                "background_position": "top center",
                "background_repeat": "no-repeat",
                "background_size": "cover",
                "background_overlay_background": "gradient",
                "background_overlay_color": "#091441",
                "background_overlay_color_b": "rgba(46, 57, 111, 0.28)",
                "background_overlay_gradient_angle": {
                    "unit": "deg",
                    "size": 360,
                    "sizes": []
                },
                "background_overlay_opacity": {
                    "unit": "px",
                    "size": 1,
                    "sizes": []
                },
                "margin": {
                    "unit": "px",
                    "top": "",
                    "right": 0,
                    "bottom": "",
                    "left": 0,
                    "isLinked": true
                },
                "padding_mobile": {
                    "unit": "em",
                    "top": "1",
                    "right": "1",
                    "bottom": "1",
                    "left": "1",
                    "isLinked": true
                }
            },
            "elements": [
                {
                    "id": "3476dc39",
                    "settings": {
                        "_column_size": 100,
                        "_inline_size": null,
                        "padding": {
                            "unit": "px",
                            "top": "30",
                            "right": "0",
                            "bottom": "30",
                            "left": "30",
                            "isLinked": false
                        },
                        "padding_mobile": {
                            "unit": "px",
                            "top": "20",
                            "right": "20",
                            "bottom": "20",
                            "left": "20",
                            "isLinked": true
                        },
                        "margin_tablet": {
                            "unit": "px",
                            "top": "0",
                            "right": "0",
                            "bottom": "0",
                            "left": "0",
                            "isLinked": false
                        },
                        "padding_tablet": {
                            "unit": "em",
                            "top": "2",
                            "right": "2",
                            "bottom": "2",
                            "left": "2",
                            "isLinked": true
                        }
                    },
                    "elements": [
                        {
                            "id": "5c91fb40",
                            "settings": {
                                "title": "testimonial",
                                "align": "center",
                                "title_color": "#FFFFFF",
                                "typography_typography": "custom",
                                "typography_font_size": {
                                    "unit": "em",
                                    "size": 3
                                },
                                "typography_font_size_mobile": {
                                    "unit": "px",
                                    "size": 36
                                },
                                "typography_line_height": {
                                    "unit": "em",
                                    "size": 1.1000000000000001
                                }
                            },
                            "elements": [],
                            "isInner": false,
                            "widgetType": "heading",
                            "elType": "widget"
                        },
                        {
                            "id": "54b9a63d",
                            "settings": {
                                "testimonial_content": "\"A top service, really very great. One more star the moment you can be more sure of if the designer is able to communicate and work professionally during design hand over process.\"",
                                "testimonial_image": {
                                    "url": "https:\/\/wp.envatoextensions.com\/collection-10\/wp-content\/uploads\/sites\/13\/2018\/05\/portrait-edited-8.jpg",
                                    "id": 150
                                },
                                "testimonial_image_size": "thumbnail",
                                "testimonial_name": "John Doe",
                                "testimonial_job": "CEO of Industro",
                                "content_content_color": "#ffffff",
                                "content_typography_font_family": "Roboto",
                                "content_typography_font_size": {
                                    "unit": "em",
                                    "size": 1.3999999999999999
                                },
                                "name_text_color": "#ff3600",
                                "name_typography_typography": "custom",
                                "name_typography_font_family": "Roboto",
                                "job_text_color": "#ffffff",
                                "job_typography_typography": "custom",
                                "job_typography_font_family": "Roboto"
                            },
                            "elements": [],
                            "isInner": false,
                            "widgetType": "testimonial",
                            "elType": "widget"
                        }
                    ],
                    "isInner": false,
                    "elType": "column"
                }
            ],
            "isInner": false,
            "elType": "section"
        },
        {
            "id": "7ce023f9",
            "settings": {
                "content_position": "middle",
                "structure": "50",
                "padding": {
                    "unit": "px",
                    "top": "60",
                    "right": "0",
                    "bottom": "70",
                    "left": "0",
                    "isLinked": false
                },
                "html_tag": "section",
                "background_background": "classic",
                "background_color": "#ffffff"
            },
            "elements": [
                {
                    "id": "7f6637b5",
                    "settings": {
                        "_column_size": 20,
                        "_inline_size": null
                    },
                    "elements": [
                        {
                            "id": "523bcb32",
                            "settings": {
                                "image": {
                                    "url": "https:\/\/wp.envatoextensions.com\/collection-10\/wp-content\/uploads\/sites\/13\/2018\/05\/logo6.png",
                                    "id": 303
                                },
                                "image_size": "medium"
                            },
                            "elements": [],
                            "isInner": false,
                            "widgetType": "image",
                            "elType": "widget"
                        }
                    ],
                    "isInner": false,
                    "elType": "column"
                },
                {
                    "id": "77cac196",
                    "settings": {
                        "_column_size": 20,
                        "_inline_size": null
                    },
                    "elements": [
                        {
                            "id": "5f56a22d",
                            "settings": {
                                "image": {
                                    "url": "https:\/\/wp.envatoextensions.com\/collection-10\/wp-content\/uploads\/sites\/13\/2018\/05\/logo5.png",
                                    "id": 302
                                },
                                "image_size": "medium",
                                "align": "center"
                            },
                            "elements": [],
                            "isInner": false,
                            "widgetType": "image",
                            "elType": "widget"
                        }
                    ],
                    "isInner": false,
                    "elType": "column"
                },
                {
                    "id": "445453dc",
                    "settings": {
                        "_column_size": 20,
                        "_inline_size": null
                    },
                    "elements": [
                        {
                            "id": "7bbc845d",
                            "settings": {
                                "image": {
                                    "url": "https:\/\/wp.envatoextensions.com\/collection-10\/wp-content\/uploads\/sites\/13\/2018\/05\/logo4.png",
                                    "id": 301
                                },
                                "image_size": "medium"
                            },
                            "elements": [],
                            "isInner": false,
                            "widgetType": "image",
                            "elType": "widget"
                        }
                    ],
                    "isInner": false,
                    "elType": "column"
                },
                {
                    "id": "2bc22856",
                    "settings": {
                        "_column_size": 20,
                        "_inline_size": null
                    },
                    "elements": [
                        {
                            "id": "61dc6b31",
                            "settings": {
                                "image": {
                                    "url": "https:\/\/wp.envatoextensions.com\/collection-10\/wp-content\/uploads\/sites\/13\/2018\/05\/logo2.png",
                                    "id": 300
                                },
                                "image_size": "medium"
                            },
                            "elements": [],
                            "isInner": false,
                            "widgetType": "image",
                            "elType": "widget"
                        }
                    ],
                    "isInner": false,
                    "elType": "column"
                },
                {
                    "id": "11775f6",
                    "settings": {
                        "_column_size": 20,
                        "_inline_size": null
                    },
                    "elements": [
                        {
                            "id": "1bad3d98",
                            "settings": {
                                "image": {
                                    "url": "https:\/\/wp.envatoextensions.com\/collection-10\/wp-content\/uploads\/sites\/13\/2018\/05\/logo1.png",
                                    "id": 299
                                },
                                "image_size": "medium"
                            },
                            "elements": [],
                            "isInner": false,
                            "widgetType": "image",
                            "elType": "widget"
                        }
                    ],
                    "isInner": false,
                    "elType": "column"
                }
            ],
            "isInner": false,
            "elType": "section"
        },
        {
            "id": "359245f7",
            "settings": {
                "structure": "20",
                "padding": {
                    "unit": "px",
                    "top": "60",
                    "right": "0",
                    "bottom": "60",
                    "left": "0",
                    "isLinked": false
                },
                "html_tag": "section",
                "background_background": "classic",
                "background_color": "#ffffff"
            },
            "elements": [
                {
                    "id": "3593efeb",
                    "settings": {
                        "_column_size": 50,
                        "_inline_size": null,
                        "padding": {
                            "unit": "px",
                            "top": "30",
                            "right": "30",
                            "bottom": "30",
                            "left": "30",
                            "isLinked": true
                        }
                    },
                    "elements": [
                        {
                            "id": "14d61fda",
                            "settings": {
                                "title": "The company",
                                "header_size": "h3",
                                "align": "left",
                                "title_color": "#1d1d37",
                                "typography_typography": "custom",
                                "typography_font_size": {
                                    "unit": "em",
                                    "size": 2
                                },
                                "typography_font_weight": "300"
                            },
                            "elements": [],
                            "isInner": false,
                            "widgetType": "heading",
                            "elType": "widget"
                        },
                        {
                            "id": "6957ac6d",
                            "settings": {
                                "title": "Objective",
                                "align": "left",
                                "title_color": "#1d1d37",
                                "typography_typography": "custom",
                                "typography_font_size": {
                                    "unit": "em",
                                    "size": 3
                                },
                                "typography_font_weight": "700",
                                "_margin": {
                                    "unit": "px",
                                    "top": "-13",
                                    "right": "0",
                                    "bottom": "0",
                                    "left": "0",
                                    "isLinked": false
                                }
                            },
                            "elements": [],
                            "isInner": false,
                            "widgetType": "heading",
                            "elType": "widget"
                        },
                        {
                            "id": "d9fbdff",
                            "settings": {
                                "editor": "<p>We're looking for long-term goals. People with the courage to take chances. Who understand that making a difference takes passion, patience, and persistence.<\/p>",
                                "align": "left",
                                "typography_line_height": {
                                    "unit": "em",
                                    "size": 1.5
                                },
                                "typography_font_size": {
                                    "unit": "em",
                                    "size": 0.90000000000000002,
                                    "sizes": []
                                }
                            },
                            "elements": [],
                            "isInner": false,
                            "widgetType": "text-editor",
                            "elType": "widget"
                        }
                    ],
                    "isInner": false,
                    "elType": "column"
                },
                {
                    "id": "62943a5d",
                    "settings": {
                        "_column_size": 50,
                        "_inline_size": null,
                        "padding": {
                            "unit": "px",
                            "top": "30",
                            "right": "0",
                            "bottom": "30",
                            "left": "30",
                            "isLinked": false
                        },
                        "padding_tablet": {
                            "unit": "em",
                            "top": "2",
                            "right": "2",
                            "bottom": "2",
                            "left": "2",
                            "isLinked": true
                        }
                    },
                    "elements": [
                        {
                            "id": "45ae7b3f",
                            "settings": {
                                "title": "Sales Growth",
                                "percent": {
                                    "unit": "%",
                                    "size": 70
                                },
                                "inner_text": "",
                                "bar_color": "#FF5E14",
                                "title_color": "#1d1d37",
                                "typography_typography": "custom",
                                "typography_font_weight": "500",
                                "typography_line_height": {
                                    "unit": "em",
                                    "size": 2
                                },
                                "bar_inner_typography_typography": "custom",
                                "bar_inner_typography_font_family": "Open Sans",
                                "bar_inner_typography_font_size": {
                                    "unit": "rem",
                                    "size": 1,
                                    "sizes": []
                                }
                            },
                            "elements": [],
                            "isInner": false,
                            "widgetType": "progress",
                            "elType": "widget"
                        },
                        {
                            "id": "570add22",
                            "settings": {
                                "title": "Manufacturing & Development",
                                "inner_text": "",
                                "bar_color": "#FF5E14",
                                "title_color": "#1d1d37",
                                "typography_typography": "custom",
                                "typography_font_weight": "500",
                                "typography_line_height": {
                                    "unit": "em",
                                    "size": 2
                                }
                            },
                            "elements": [],
                            "isInner": false,
                            "widgetType": "progress",
                            "elType": "widget"
                        },
                        {
                            "id": "245d5992",
                            "settings": {
                                "title": "Project Efficiency",
                                "percent": {
                                    "unit": "%",
                                    "size": 60
                                },
                                "inner_text": "",
                                "bar_color": "#FF5E14",
                                "title_color": "#1d1d37",
                                "typography_typography": "custom",
                                "typography_font_weight": "500",
                                "typography_line_height": {
                                    "unit": "em",
                                    "size": 2
                                }
                            },
                            "elements": [],
                            "isInner": false,
                            "widgetType": "progress",
                            "elType": "widget"
                        },
                        {
                            "id": "7659c388",
                            "settings": {
                                "title": "Sustainability Percentage",
                                "percent": {
                                    "unit": "%",
                                    "size": 90
                                },
                                "inner_text": "",
                                "bar_color": "#ff3600",
                                "title_color": "#1d1d37",
                                "typography_typography": "custom",
                                "typography_font_weight": "500",
                                "typography_line_height": {
                                    "unit": "em",
                                    "size": 2
                                }
                            },
                            "elements": [],
                            "isInner": false,
                            "widgetType": "progress",
                            "elType": "widget"
                        }
                    ],
                    "isInner": false,
                    "elType": "column"
                }
            ],
            "isInner": false,
            "elType": "section"
        },
        {
            "id": "10a3853e",
            "settings": {
                "layout": "full_width",
                "content_position": "middle",
                "structure": "40",
                "html_tag": "section"
            },
            "elements": [
                {
                    "id": "1169333d",
                    "settings": {
                        "_column_size": 25,
                        "_inline_size": null,
                        "margin": {
                            "unit": "px",
                            "top": "0",
                            "right": "0",
                            "bottom": "0",
                            "left": "0",
                            "isLinked": true
                        },
                        "padding": {
                            "unit": "px",
                            "top": "0",
                            "right": "0",
                            "bottom": "0",
                            "left": "0",
                            "isLinked": true
                        },
                        "background_background": "classic",
                        "background_image": {
                            "url": "https:\/\/wp.envatoextensions.com\/collection-10\/wp-content\/uploads\/sites\/13\/2018\/05\/specialty3.jpg",
                            "id": 341
                        },
                        "background_position": "center center",
                        "background_repeat": "no-repeat",
                        "background_size": "cover"
                    },
                    "elements": [
                        {
                            "id": "28f5b5ab",
                            "settings": {
                                "image": {
                                    "url": "https:\/\/wp.envatoextensions.com\/collection-10\/wp-content\/uploads\/sites\/13\/2018\/05\/trans-600x800.png",
                                    "id": 475
                                }
                            },
                            "elements": [],
                            "isInner": false,
                            "widgetType": "image",
                            "elType": "widget"
                        }
                    ],
                    "isInner": false,
                    "elType": "column"
                },
                {
                    "id": "2114b4c1",
                    "settings": {
                        "_column_size": 25,
                        "_inline_size": null,
                        "background_background": "classic",
                        "background_color": "#FF5E14",
                        "margin": {
                            "unit": "px",
                            "top": "0",
                            "right": "0",
                            "bottom": "0",
                            "left": "0",
                            "isLinked": true
                        },
                        "padding": {
                            "unit": "px",
                            "top": "30",
                            "right": "30",
                            "bottom": "30",
                            "left": "30",
                            "isLinked": true
                        },
                        "padding_tablet": {
                            "unit": "em",
                            "top": "5",
                            "right": "1",
                            "bottom": "5",
                            "left": "1",
                            "isLinked": false
                        }
                    },
                    "elements": [
                        {
                            "id": "341b191e",
                            "settings": {
                                "title": "Cost-effective Industrial Solutions",
                                "title_color": "#ffffff",
                                "typography_typography": "custom",
                                "typography_font_weight": "500",
                                "typography_line_height": {
                                    "unit": "em",
                                    "size": 1.3999999999999999
                                },
                                "header_size": "h3"
                            },
                            "elements": [],
                            "isInner": false,
                            "widgetType": "heading",
                            "elType": "widget"
                        },
                        {
                            "id": "67f544d2",
                            "settings": {
                                "editor": "<p>Duis aute irure dolor in reprehenderit in voluptate velit esse cillum dolore eu fugiat nulla pariatur. Excepteur sint occaecat cupidatat non proident, sunt in culpa qui officia deserunt mollit anim id est laborum.<\/p>",
                                "text_color": "#ffffff",
                                "typography_typography": "custom",
                                "typography_line_height": {
                                    "unit": "em",
                                    "size": 1.3999999999999999
                                },
                                "typography_font_size": {
                                    "unit": "em",
                                    "size": 0.90000000000000002,
                                    "sizes": []
                                }
                            },
                            "elements": [],
                            "isInner": false,
                            "widgetType": "text-editor",
                            "elType": "widget"
                        },
                        {
                            "id": "2241bcd0",
                            "settings": {
                                "text": "Learn More",
                                "icon": "fa fa-long-arrow-right",
                                "icon_align": "right",
                                "background_color": "rgba(0,0,0,0)",
                                "hover_color": "#ff3600",
                                "button_background_hover_color": "#ffffff",
                                "border_border": "solid",
                                "border_width": {
                                    "unit": "px",
                                    "top": "1",
                                    "right": "1",
                                    "bottom": "1",
                                    "left": "1",
                                    "isLinked": true
                                },
                                "border_color": "#ffffff",
                                "border_radius": {
                                    "unit": "px",
                                    "top": "0",
                                    "right": "0",
                                    "bottom": "0",
                                    "left": "0",
                                    "isLinked": true
                                },
                                "selected_icon": {
                                    "value": "fas fa-long-arrow-alt-right",
                                    "library": "fa-solid"
                                }
                            },
                            "elements": [],
                            "isInner": false,
                            "widgetType": "button",
                            "elType": "widget"
                        }
                    ],
                    "isInner": false,
                    "elType": "column"
                },
                {
                    "id": "603ac992",
                    "settings": {
                        "_column_size": 25,
                        "_inline_size": null,
                        "margin": {
                            "unit": "px",
                            "top": "0",
                            "right": "0",
                            "bottom": "0",
                            "left": "0",
                            "isLinked": true
                        },
                        "padding": {
                            "unit": "px",
                            "top": "0",
                            "right": "0",
                            "bottom": "0",
                            "left": "0",
                            "isLinked": true
                        },
                        "background_background": "classic",
                        "background_image": {
                            "url": "https:\/\/wp.envatoextensions.com\/collection-10\/wp-content\/uploads\/sites\/13\/2018\/05\/specialty2.jpg",
                            "id": 340
                        },
                        "background_position": "center center",
                        "background_repeat": "no-repeat",
                        "background_size": "cover"
                    },
                    "elements": [
                        {
                            "id": "14475f25",
                            "settings": {
                                "image": {
                                    "url": "https:\/\/wp.envatoextensions.com\/collection-10\/wp-content\/uploads\/sites\/13\/2018\/05\/trans-600x800.png",
                                    "id": 475
                                }
                            },
                            "elements": [],
                            "isInner": false,
                            "widgetType": "image",
                            "elType": "widget"
                        }
                    ],
                    "isInner": false,
                    "elType": "column"
                },
                {
                    "id": "6b17f9a7",
                    "settings": {
                        "_column_size": 25,
                        "_inline_size": null,
                        "background_background": "classic",
                        "background_color": "#FF5E14",
                        "margin": {
                            "unit": "px",
                            "top": "0",
                            "right": "0",
                            "bottom": "0",
                            "left": "0",
                            "isLinked": true
                        },
                        "padding": {
                            "unit": "px",
                            "top": "20",
                            "right": "20",
                            "bottom": "20",
                            "left": "20",
                            "isLinked": true
                        },
                        "padding_tablet": {
                            "unit": "em",
                            "top": "5",
                            "right": "1",
                            "bottom": "5",
                            "left": "1",
                            "isLinked": false
                        }
                    },
                    "elements": [
                        {
                            "id": "22602ae5",
                            "settings": {
                                "title": "Robust Inventory of Parts and Products",
                                "title_color": "#ffffff",
                                "typography_typography": "custom",
                                "typography_font_weight": "500",
                                "typography_line_height": {
                                    "unit": "em",
                                    "size": 1.3999999999999999
                                },
                                "header_size": "h3"
                            },
                            "elements": [],
                            "isInner": false,
                            "widgetType": "heading",
                            "elType": "widget"
                        },
                        {
                            "id": "73f8c26",
                            "settings": {
                                "editor": "<p>Duis aute irure dolor in reprehenderit in voluptate velit esse cillum dolore eu fugiat nulla pariatur. Excepteur sint occaecat cupidatat non proident, sunt in culpa qui officia deserunt mollit anim id est laborum.<\/p>",
                                "text_color": "#ffffff",
                                "typography_typography": "custom",
                                "typography_line_height": {
                                    "unit": "em",
                                    "size": 1.3999999999999999
                                },
                                "typography_font_size": {
                                    "unit": "em",
                                    "size": 0.90000000000000002,
                                    "sizes": []
                                }
                            },
                            "elements": [],
                            "isInner": false,
                            "widgetType": "text-editor",
                            "elType": "widget"
                        },
                        {
                            "id": "6285ad33",
                            "settings": {
                                "text": "Learn More",
                                "icon": "fa fa-long-arrow-right",
                                "icon_align": "right",
                                "background_color": "rgba(0,0,0,0)",
                                "hover_color": "#ff3600",
                                "button_background_hover_color": "#ffffff",
                                "border_border": "solid",
                                "border_width": {
                                    "unit": "px",
                                    "top": "1",
                                    "right": "1",
                                    "bottom": "1",
                                    "left": "1",
                                    "isLinked": true
                                },
                                "border_color": "#ffffff",
                                "border_radius": {
                                    "unit": "px",
                                    "top": "0",
                                    "right": "0",
                                    "bottom": "0",
                                    "left": "0",
                                    "isLinked": true
                                },
                                "selected_icon": {
                                    "value": "fas fa-long-arrow-alt-right",
                                    "library": "fa-solid"
                                }
                            },
                            "elements": [],
                            "isInner": false,
                            "widgetType": "button",
                            "elType": "widget"
                        }
                    ],
                    "isInner": false,
                    "elType": "column"
                }
            ],
            "isInner": false,
            "elType": "section"
        }
    ]
}