{
    "version": "0.4",
    "title": "Contact Us 2",
    "type": "section",
    "metadata": {
        "template_type": "section",
        "elementor_pro_required": false,
        "wp_page_template": "default"
    },
    "content": [
        {
            "id": "46a9e1c2",
            "settings": {
                "stretch_section": "section-stretched",
                "layout": "full_width",
                "gap": "no",
                "html_tag": "header",
                "margin": {
                    "unit": "px",
                    "top": "0",
                    "right": 0,
                    "bottom": "0",
                    "left": 0,
                    "isLinked": false
                },
                "padding": {
                    "unit": "px",
                    "top": "0",
                    "right": "0",
                    "bottom": "0",
                    "left": "0",
                    "isLinked": false
                }
            },
            "elements": [
                {
                    "id": "2a303bc2",
                    "settings": {
                        "_column_size": 100
                    },
                    "elements": [
                        {
                            "id": "17784e64",
                            "settings": {
                                "address": "Envato, Melbourne",
                                "zoom": {
                                    "unit": "px",
                                    "size": 15
                                },
                                "height": {
                                    "unit": "px",
                                    "size": 400
                                }
                            },
                            "elements": [],
                            "isInner": false,
                            "widgetType": "google_maps",
                            "elType": "widget"
                        }
                    ],
                    "isInner": false,
                    "elType": "column"
                }
            ],
            "isInner": false,
            "elType": "section"
        },
        {
            "id": "20100f84",
            "settings": {
                "margin": {
                    "unit": "px",
                    "top": "0",
                    "right": 0,
                    "bottom": "0",
                    "left": 0,
                    "isLinked": false
                },
                "content_width": {
                    "unit": "px",
                    "size": 615
                },
                "html_tag": "section",
                "background_background": "classic",
                "background_color": "#ffffff",
                "padding": {
                    "unit": "em",
                    "top": "5",
                    "right": "0",
                    "bottom": "0",
                    "left": "0",
                    "isLinked": false
                }
            },
            "elements": [
                {
                    "id": "1b8f6839",
                    "settings": {
                        "_column_size": 100,
                        "space_between_widgets": 10
                    },
                    "elements": [
                        {
                            "id": "34155061",
                            "settings": {
                                "title": "Get in touch",
                                "title_color": "#1d1d37",
                                "typography_typography": "custom",
                                "typography_font_size": {
                                    "unit": "px",
                                    "size": 32
                                },
                                "_margin": {
                                    "unit": "px",
                                    "top": "0",
                                    "right": "0",
                                    "bottom": "0",
                                    "left": "0",
                                    "isLinked": false
                                },
                                "_css_classes": "\\",
                                "align": "center"
                            },
                            "elements": [],
                            "isInner": false,
                            "widgetType": "heading",
                            "elType": "widget"
                        },
                        {
                            "id": "7572579d",
                            "settings": {
                                "weight": {
                                    "unit": "px",
                                    "size": 2
                                },
                                "color": "#fc3600",
                                "width": {
                                    "unit": "px",
                                    "size": 120
                                },
                                "align": "center",
                                "gap": {
                                    "unit": "px",
                                    "size": 6
                                }
                            },
                            "elements": [],
                            "isInner": false,
                            "widgetType": "divider",
                            "elType": "widget"
                        },
                        {
                            "id": "59c535d0",
                            "settings": {
                                "editor": "<p>Lorem ipsum dolor sit amet, consectetur adipiscing elit. Ut elit tellus, luctus nec ullamcorper mattis, pulvinar dapibus leo.<\/p><p>Ut elit tellus, luctus nec ullamcorper mattis, pulvinar dapibus leo.<\/p>",
                                "align": "center",
                                "text_color": "#7a7a7a",
                                "typography_typography": "custom",
                                "typography_font_size": {
                                    "unit": "px",
                                    "size": 21
                                },
                                "typography_font_weight": "300",
                                "typography_line_height": {
                                    "unit": "em",
                                    "size": 1.3999999999999999
                                },
                                "_margin": {
                                    "unit": "px",
                                    "top": "0",
                                    "right": "0",
                                    "bottom": "0",
                                    "left": "0",
                                    "isLinked": false
                                }
                            },
                            "elements": [],
                            "isInner": false,
                            "widgetType": "text-editor",
                            "elType": "widget"
                        }
                    ],
                    "isInner": false,
                    "elType": "column"
                }
            ],
            "isInner": false,
            "elType": "section"
        },
        {
            "id": "18a0be07",
            "settings": {
                "structure": "40",
                "margin": {
                    "unit": "px",
                    "top": "",
                    "right": 0,
                    "bottom": "",
                    "left": 0,
                    "isLinked": true
                },
                "html_tag": "section",
                "background_background": "classic",
                "background_color": "#ffffff",
                "padding": {
                    "unit": "em",
                    "top": "5",
                    "right": "0",
                    "bottom": "5",
                    "left": "0",
                    "isLinked": false
                }
            },
            "elements": [
                {
                    "id": "7a58972f",
                    "settings": {
                        "_column_size": 25,
                        "_inline_size": null,
                        "screen_sm_width": "50",
                        "_inline_size_tablet": 50
                    },
                    "elements": [
                        {
                            "id": "5c28b371",
                            "settings": {
                                "icon": "fa fa-envelope-open-o",
                                "title_text": "support@industry.com",
                                "description_text": "We reply within 24 hours",
                                "primary_color": "#ff3600",
                                "icon_size": {
                                    "unit": "px",
                                    "size": 38
                                },
                                "title_color": "#1d1d37",
                                "description_color": "#434343",
                                "selected_icon": {
                                    "value": "far fa-envelope-open",
                                    "library": "fa-regular"
                                }
                            },
                            "elements": [],
                            "isInner": false,
                            "widgetType": "icon-box",
                            "elType": "widget"
                        }
                    ],
                    "isInner": false,
                    "elType": "column"
                },
                {
                    "id": "31a696c6",
                    "settings": {
                        "_column_size": 25,
                        "_inline_size": null,
                        "_inline_size_tablet": 50
                    },
                    "elements": [
                        {
                            "id": "1dbf8350",
                            "settings": {
                                "icon": "fa fa-phone",
                                "title_text": "Have any questions?",
                                "description_text": "+62 887 788 9090",
                                "primary_color": "#ff3600",
                                "icon_size": {
                                    "unit": "px",
                                    "size": 38
                                },
                                "title_color": "#1d1d37",
                                "description_color": "#434343",
                                "selected_icon": {
                                    "value": "fas fa-phone",
                                    "library": "fa-solid"
                                }
                            },
                            "elements": [],
                            "isInner": false,
                            "widgetType": "icon-box",
                            "elType": "widget"
                        }
                    ],
                    "isInner": false,
                    "elType": "column"
                },
                {
                    "id": "1b180dec",
                    "settings": {
                        "_column_size": 25,
                        "_inline_size": null,
                        "_inline_size_tablet": 50
                    },
                    "elements": [
                        {
                            "id": "441b728c",
                            "settings": {
                                "icon": "fa fa-clock-o",
                                "title_text": "Working hours",
                                "description_text": "Mon-Fri, 9am until 6pm",
                                "primary_color": "#ff3600",
                                "icon_size": {
                                    "unit": "px",
                                    "size": 38
                                },
                                "title_color": "#1d1d37",
                                "description_color": "#434343",
                                "selected_icon": {
                                    "value": "far fa-clock",
                                    "library": "fa-regular"
                                }
                            },
                            "elements": [],
                            "isInner": false,
                            "widgetType": "icon-box",
                            "elType": "widget"
                        }
                    ],
                    "isInner": false,
                    "elType": "column"
                },
                {
                    "id": "70b6a81b",
                    "settings": {
                        "_column_size": 25,
                        "_inline_size": null,
                        "_inline_size_tablet": 50
                    },
                    "elements": [
                        {
                            "id": "bb04f66",
                            "settings": {
                                "icon": "fa fa-map-pin",
                                "title_text": "Melbourne Based",
                                "description_text": "Mountain Drive, Kenshington",
                                "primary_color": "#ff3600",
                                "icon_size": {
                                    "unit": "px",
                                    "size": 38
                                },
                                "title_color": "#1d1d37",
                                "description_color": "#434343",
                                "selected_icon": {
                                    "value": "fas fa-map-pin",
                                    "library": "fa-solid"
                                }
                            },
                            "elements": [],
                            "isInner": false,
                            "widgetType": "icon-box",
                            "elType": "widget"
                        }
                    ],
                    "isInner": false,
                    "elType": "column"
                }
            ],
            "isInner": false,
            "elType": "section"
        }
    ]
}