{
    "version": "0.4",
    "title": "Contact Us",
    "type": "section",
    "metadata": {
        "template_type": "section",
        "elementor_pro_required": false,
        "wp_page_template": "default"
    },
    "content": [
        {
            "id": "7e3ad8c9",
            "settings": {
                "stretch_section": "section-stretched",
                "height": "min-height",
                "background_background": "classic",
                "background_image": {
                    "id": 1105,
                    "url": "https:\/\/wp.envatoextensions.com\/collection-10\/wp-content\/uploads\/sites\/13\/2018\/05\/dean-bennett-aBV8pVODWiM-unsplash.jpg"
                },
                "background_repeat": "no-repeat",
                "background_size": "cover",
                "margin": {
                    "unit": "px",
                    "top": "",
                    "right": 0,
                    "bottom": "",
                    "left": 0,
                    "isLinked": true
                },
                "background_position": "center center",
                "html_tag": "header",
                "custom_height": {
                    "unit": "px",
                    "size": 550
                },
                "background_overlay_background": "gradient",
                "background_overlay_color": "#091441",
                "background_overlay_color_b": "rgba(46, 57, 111, 0.28)",
                "background_overlay_gradient_angle": {
                    "unit": "deg",
                    "size": 360,
                    "sizes": []
                },
                "background_overlay_opacity": {
                    "unit": "px",
                    "size": 1,
                    "sizes": []
                },
                "padding_mobile": {
                    "unit": "em",
                    "top": "1",
                    "right": "1",
                    "bottom": "1",
                    "left": "1",
                    "isLinked": true
                }
            },
            "elements": [
                {
                    "id": "89bd095",
                    "settings": {
                        "_column_size": 100,
                        "margin": {
                            "unit": "%",
                            "top": "0",
                            "right": "50",
                            "bottom": "0",
                            "left": "0",
                            "isLinked": false
                        },
                        "margin_mobile": {
                            "unit": "px",
                            "top": "0",
                            "right": "0",
                            "bottom": "0",
                            "left": "0",
                            "isLinked": false
                        },
                        "padding": {
                            "unit": "em",
                            "top": "2",
                            "right": "2",
                            "bottom": "2",
                            "left": "2",
                            "isLinked": true
                        },
                        "padding_mobile": {
                            "unit": "px",
                            "top": "0",
                            "right": "0",
                            "bottom": "0",
                            "left": "0",
                            "isLinked": false
                        },
                        "_inline_size_tablet": 100,
                        "margin_tablet": {
                            "unit": "%",
                            "top": "0",
                            "right": "0",
                            "bottom": "0",
                            "left": "0",
                            "isLinked": false
                        },
                        "padding_tablet": {
                            "unit": "em",
                            "top": "2",
                            "right": "2",
                            "bottom": "2",
                            "left": "2",
                            "isLinked": true
                        }
                    },
                    "elements": [
                        {
                            "id": "69a5392c",
                            "settings": {
                                "title": "start building today",
                                "header_size": "h4",
                                "align": "left",
                                "title_color": "#ABABAB",
                                "typography_typography": "custom",
                                "typography_font_family": "Rajdhani",
                                "typography_font_size": {
                                    "unit": "em",
                                    "size": 1.5,
                                    "sizes": []
                                },
                                "typography_font_weight": "400",
                                "typography_text_transform": "capitalize",
                                "typography_font_style": "normal",
                                "typography_text_decoration": "none",
                                "align_mobile": "center"
                            },
                            "elements": [],
                            "isInner": false,
                            "widgetType": "heading",
                            "elType": "widget"
                        },
                        {
                            "id": "61463cc7",
                            "settings": {
                                "title": "contact us",
                                "header_size": "h1",
                                "align_mobile": "center"
                            },
                            "elements": [],
                            "isInner": false,
                            "widgetType": "heading",
                            "elType": "widget"
                        },
                        {
                            "id": "729aeb81",
                            "settings": {
                                "weight": {
                                    "unit": "px",
                                    "size": 3.2999999999999998
                                },
                                "color": "#FF5E14",
                                "width": {
                                    "unit": "px",
                                    "size": 246
                                },
                                "gap": {
                                    "unit": "px",
                                    "size": 2
                                },
                                "_margin": {
                                    "unit": "px",
                                    "top": "-15",
                                    "right": "0",
                                    "bottom": "0",
                                    "left": "0",
                                    "isLinked": false
                                },
                                "text": "Divider",
                                "align": "left",
                                "style": "slashes",
                                "pattern_height": {
                                    "unit": "px",
                                    "size": 6.5,
                                    "sizes": []
                                },
                                "pattern_size": {
                                    "unit": "px",
                                    "size": 12.199999999999999,
                                    "sizes": []
                                },
                                "width_mobile": {
                                    "unit": "%",
                                    "size": 83,
                                    "sizes": []
                                },
                                "align_mobile": "center"
                            },
                            "elements": [],
                            "isInner": false,
                            "widgetType": "divider",
                            "elType": "widget"
                        },
                        {
                            "id": "3975c348",
                            "settings": {
                                "text_color": "#FFFFFF"
                            },
                            "elements": [],
                            "isInner": false,
                            "widgetType": "text-editor",
                            "elType": "widget"
                        }
                    ],
                    "isInner": false,
                    "elType": "column"
                }
            ],
            "isInner": false,
            "elType": "section"
        },
        {
            "id": "5f269371",
            "settings": {
                "height": "min-height",
                "html_tag": "section",
                "background_background": "classic",
                "background_color": "#091441",
                "padding_tablet": {
                    "unit": "em",
                    "top": "0",
                    "right": "0",
                    "bottom": "0",
                    "left": "0",
                    "isLinked": false
                }
            },
            "elements": [
                {
                    "id": "41f17b62",
                    "settings": {
                        "_column_size": 100,
                        "_inline_size": null,
                        "background_background": "classic",
                        "background_color": "#FFFFFF",
                        "box_shadow_box_shadow_type": "yes",
                        "box_shadow_box_shadow": {
                            "horizontal": 0,
                            "vertical": 31,
                            "blur": 10,
                            "spread": -19,
                            "color": "rgba(0,0,0,0.5)"
                        },
                        "margin": {
                            "unit": "%",
                            "top": "0",
                            "right": "0",
                            "bottom": "-4",
                            "left": "0",
                            "isLinked": false
                        },
                        "padding": {
                            "unit": "em",
                            "top": "2",
                            "right": "2",
                            "bottom": "2",
                            "left": "2",
                            "isLinked": true
                        },
                        "z_index": 1,
                        "animation": "fadeInUp",
                        "padding_tablet": {
                            "unit": "em",
                            "top": "3",
                            "right": "1",
                            "bottom": "3",
                            "left": "1",
                            "isLinked": false
                        }
                    },
                    "elements": [
                        {
                            "id": "64411f93",
                            "settings": {
                                "selected_icon": {
                                    "value": "fas fa-info",
                                    "library": "fa-solid"
                                },
                                "primary_color": "#FF5E14",
                                "size": {
                                    "unit": "px",
                                    "size": 34,
                                    "sizes": []
                                }
                            },
                            "elements": [],
                            "isInner": false,
                            "widgetType": "icon",
                            "elType": "widget"
                        },
                        {
                            "id": "e64763",
                            "settings": {
                                "title": "let's connect",
                                "header_size": "h4",
                                "align": "center",
                                "title_color": "#7A7A7A",
                                "typography_typography": "custom",
                                "typography_font_size": {
                                    "unit": "em",
                                    "size": 1.5,
                                    "sizes": []
                                },
                                "typography_font_weight": "400",
                                "typography_font_family": "Rajdhani",
                                "typography_text_transform": "capitalize",
                                "typography_font_style": "normal",
                                "typography_text_decoration": "none",
                                "align_mobile": "center"
                            },
                            "elements": [],
                            "isInner": false,
                            "widgetType": "heading",
                            "elType": "widget"
                        },
                        {
                            "id": "36f2ee9e",
                            "settings": {
                                "title": "get in touch",
                                "align": "center"
                            },
                            "elements": [],
                            "isInner": false,
                            "widgetType": "heading",
                            "elType": "widget"
                        },
                        {
                            "id": "2c00046",
                            "settings": {
                                "weight": {
                                    "unit": "px",
                                    "size": 3.2999999999999998
                                },
                                "color": "#FF5E14",
                                "width": {
                                    "unit": "px",
                                    "size": 303
                                },
                                "gap": {
                                    "unit": "px",
                                    "size": 2
                                },
                                "_margin": {
                                    "unit": "px",
                                    "top": "-15",
                                    "right": "0",
                                    "bottom": "0",
                                    "left": "0",
                                    "isLinked": false
                                },
                                "text": "Divider",
                                "align": "center",
                                "style": "slashes",
                                "pattern_height": {
                                    "unit": "px",
                                    "size": 6.5,
                                    "sizes": []
                                },
                                "pattern_size": {
                                    "unit": "px",
                                    "size": 12.199999999999999,
                                    "sizes": []
                                },
                                "align_mobile": "center",
                                "width_mobile": {
                                    "unit": "%",
                                    "size": 100,
                                    "sizes": []
                                }
                            },
                            "elements": [],
                            "isInner": false,
                            "widgetType": "divider",
                            "elType": "widget"
                        },
                        {
                            "id": "5a874e92",
                            "settings": {
                                "structure": "30",
                                "gap": "no"
                            },
                            "elements": [
                                {
                                    "id": "6afaaf1b",
                                    "settings": {
                                        "_column_size": 33,
                                        "_inline_size": null,
                                        "content_position": "center",
                                        "align": "center",
                                        "background_background": "classic",
                                        "background_color": "#FFFFFF",
                                        "border_border": "solid",
                                        "border_width": {
                                            "unit": "px",
                                            "top": "0",
                                            "right": "0",
                                            "bottom": "3",
                                            "left": "0",
                                            "isLinked": false
                                        },
                                        "border_color": "#FFFFFF",
                                        "box_shadow_box_shadow_type": "yes",
                                        "box_shadow_box_shadow": {
                                            "horizontal": 0,
                                            "vertical": 1,
                                            "blur": 10,
                                            "spread": 2,
                                            "color": "rgba(0, 0, 0, 0.34)"
                                        },
                                        "border_hover_border": "solid",
                                        "border_hover_width": {
                                            "unit": "px",
                                            "top": "0",
                                            "right": "0",
                                            "bottom": "3",
                                            "left": "0",
                                            "isLinked": false
                                        },
                                        "border_hover_color": "#FF5E14",
                                        "margin": {
                                            "unit": "%",
                                            "top": "3",
                                            "right": "3",
                                            "bottom": "3",
                                            "left": "3",
                                            "isLinked": true
                                        },
                                        "padding": {
                                            "unit": "em",
                                            "top": "3",
                                            "right": "3",
                                            "bottom": "3",
                                            "left": "3",
                                            "isLinked": true
                                        },
                                        "padding_tablet": {
                                            "unit": "em",
                                            "top": "3",
                                            "right": "1",
                                            "bottom": "3",
                                            "left": "1",
                                            "isLinked": false
                                        },
                                        "padding_mobile": {
                                            "unit": "em",
                                            "top": "1",
                                            "right": "1",
                                            "bottom": "1",
                                            "left": "1",
                                            "isLinked": true
                                        }
                                    },
                                    "elements": [
                                        {
                                            "id": "f3e870",
                                            "settings": {
                                                "view": "stacked",
                                                "icon": "fa fa-envelope-open-o",
                                                "align": "left",
                                                "primary_color": "#FF5E14",
                                                "size": {
                                                    "unit": "px",
                                                    "size": 24
                                                },
                                                "selected_icon": {
                                                    "value": "far fa-envelope-open",
                                                    "library": "fa-regular"
                                                },
                                                "__fa4_migrated": {
                                                    "selected_icon": true
                                                }
                                            },
                                            "elements": [],
                                            "isInner": false,
                                            "widgetType": "icon",
                                            "elType": "widget"
                                        },
                                        {
                                            "id": "346dcb6f",
                                            "settings": {
                                                "title": "support@industry.com\u200b",
                                                "header_size": "h3",
                                                "title_color": "#091441",
                                                "typography_typography": "custom",
                                                "typography_font_size": {
                                                    "unit": "em",
                                                    "size": 1.5,
                                                    "sizes": []
                                                },
                                                "align": "left",
                                                "typography_font_family": "Rajdhani",
                                                "typography_font_weight": "700",
                                                "_padding": {
                                                    "unit": "em",
                                                    "top": "0",
                                                    "right": "0",
                                                    "bottom": "0",
                                                    "left": "0",
                                                    "isLinked": false
                                                },
                                                "typography_font_size_tablet": {
                                                    "unit": "em",
                                                    "size": 1.3,
                                                    "sizes": []
                                                }
                                            },
                                            "elements": [],
                                            "isInner": false,
                                            "widgetType": "heading",
                                            "elType": "widget"
                                        },
                                        {
                                            "id": "7a5f805e",
                                            "settings": {
                                                "editor": "<p><span style=\"color: #434343;\">We reply within 24 hours<\/span><\/p>",
                                                "text_color": "#7A7A7A"
                                            },
                                            "elements": [],
                                            "isInner": false,
                                            "widgetType": "text-editor",
                                            "elType": "widget"
                                        }
                                    ],
                                    "isInner": true,
                                    "elType": "column"
                                },
                                {
                                    "id": "98aab29",
                                    "settings": {
                                        "_column_size": 33,
                                        "_inline_size": null,
                                        "content_position": "center",
                                        "align": "center",
                                        "background_background": "classic",
                                        "background_color": "#FFFFFF",
                                        "border_border": "solid",
                                        "border_width": {
                                            "unit": "px",
                                            "top": "0",
                                            "right": "0",
                                            "bottom": "3",
                                            "left": "0",
                                            "isLinked": false
                                        },
                                        "border_color": "#FFFFFF",
                                        "box_shadow_box_shadow_type": "yes",
                                        "box_shadow_box_shadow": {
                                            "horizontal": 0,
                                            "vertical": 1,
                                            "blur": 10,
                                            "spread": 2,
                                            "color": "rgba(0, 0, 0, 0.34)"
                                        },
                                        "border_hover_border": "solid",
                                        "border_hover_width": {
                                            "unit": "px",
                                            "top": "0",
                                            "right": "0",
                                            "bottom": "3",
                                            "left": "0",
                                            "isLinked": false
                                        },
                                        "border_hover_color": "#FF5E14",
                                        "margin": {
                                            "unit": "%",
                                            "top": "3",
                                            "right": "3",
                                            "bottom": "3",
                                            "left": "3",
                                            "isLinked": true
                                        },
                                        "padding": {
                                            "unit": "em",
                                            "top": "3",
                                            "right": "3",
                                            "bottom": "3",
                                            "left": "3",
                                            "isLinked": true
                                        },
                                        "padding_tablet": {
                                            "unit": "em",
                                            "top": "3",
                                            "right": "1",
                                            "bottom": "3",
                                            "left": "1",
                                            "isLinked": false
                                        },
                                        "padding_mobile": {
                                            "unit": "em",
                                            "top": "1",
                                            "right": "1",
                                            "bottom": "1",
                                            "left": "1",
                                            "isLinked": true
                                        }
                                    },
                                    "elements": [
                                        {
                                            "id": "179a0a2b",
                                            "settings": {
                                                "view": "stacked",
                                                "icon": "fa fa-envelope-open-o",
                                                "align": "left",
                                                "primary_color": "#FF5E14",
                                                "size": {
                                                    "unit": "px",
                                                    "size": 24
                                                },
                                                "selected_icon": {
                                                    "value": "fas fa-phone-alt",
                                                    "library": "fa-solid"
                                                },
                                                "__fa4_migrated": {
                                                    "selected_icon": true
                                                }
                                            },
                                            "elements": [],
                                            "isInner": false,
                                            "widgetType": "icon",
                                            "elType": "widget"
                                        },
                                        {
                                            "id": "5a2032e9",
                                            "settings": {
                                                "title": "Have any questions?\u200b",
                                                "header_size": "h3",
                                                "title_color": "#091441",
                                                "typography_typography": "custom",
                                                "typography_font_size": {
                                                    "unit": "em",
                                                    "size": 1.5,
                                                    "sizes": []
                                                },
                                                "align": "left",
                                                "typography_font_family": "Rajdhani",
                                                "typography_font_weight": "700",
                                                "_padding": {
                                                    "unit": "em",
                                                    "top": "0",
                                                    "right": "0",
                                                    "bottom": "0",
                                                    "left": "0",
                                                    "isLinked": false
                                                },
                                                "typography_font_size_tablet": {
                                                    "unit": "em",
                                                    "size": 1.3,
                                                    "sizes": []
                                                }
                                            },
                                            "elements": [],
                                            "isInner": false,
                                            "widgetType": "heading",
                                            "elType": "widget"
                                        },
                                        {
                                            "id": "7b17727b",
                                            "settings": {
                                                "editor": "<p>+62 887 788 9090<\/p>",
                                                "align": "left",
                                                "align_mobile": "justify",
                                                "text_color": "#7A7A7A",
                                                "typography_typography": "custom",
                                                "typography_font_family": "Open Sans",
                                                "typography_font_size": {
                                                    "unit": "em",
                                                    "size": 1
                                                },
                                                "typography_font_weight": "400",
                                                "typography_text_transform": "none",
                                                "typography_font_style": "normal",
                                                "typography_text_decoration": "none",
                                                "typography_line_height": {
                                                    "unit": "em",
                                                    "size": 1.5
                                                },
                                                "typography_line_height_mobile": {
                                                    "unit": "em",
                                                    "size": 1.8999999999999999,
                                                    "sizes": []
                                                }
                                            },
                                            "elements": [],
                                            "isInner": false,
                                            "widgetType": "text-editor",
                                            "elType": "widget"
                                        }
                                    ],
                                    "isInner": true,
                                    "elType": "column"
                                },
                                {
                                    "id": "2e17c7ad",
                                    "settings": {
                                        "_column_size": 33,
                                        "_inline_size": null,
                                        "content_position": "center",
                                        "align": "center",
                                        "background_background": "classic",
                                        "background_color": "#FFFFFF",
                                        "border_border": "solid",
                                        "border_width": {
                                            "unit": "px",
                                            "top": "0",
                                            "right": "0",
                                            "bottom": "3",
                                            "left": "0",
                                            "isLinked": false
                                        },
                                        "border_color": "#FFFFFF",
                                        "box_shadow_box_shadow_type": "yes",
                                        "box_shadow_box_shadow": {
                                            "horizontal": 0,
                                            "vertical": 1,
                                            "blur": 10,
                                            "spread": 2,
                                            "color": "rgba(0, 0, 0, 0.34)"
                                        },
                                        "border_hover_border": "solid",
                                        "border_hover_width": {
                                            "unit": "px",
                                            "top": "0",
                                            "right": "0",
                                            "bottom": "3",
                                            "left": "0",
                                            "isLinked": false
                                        },
                                        "border_hover_color": "#FF5E14",
                                        "margin": {
                                            "unit": "%",
                                            "top": "3",
                                            "right": "3",
                                            "bottom": "3",
                                            "left": "3",
                                            "isLinked": true
                                        },
                                        "padding": {
                                            "unit": "em",
                                            "top": "3",
                                            "right": "3",
                                            "bottom": "3",
                                            "left": "3",
                                            "isLinked": true
                                        },
                                        "padding_tablet": {
                                            "unit": "em",
                                            "top": "3",
                                            "right": "1",
                                            "bottom": "3",
                                            "left": "1",
                                            "isLinked": false
                                        },
                                        "padding_mobile": {
                                            "unit": "em",
                                            "top": "1",
                                            "right": "1",
                                            "bottom": "1",
                                            "left": "1",
                                            "isLinked": true
                                        }
                                    },
                                    "elements": [
                                        {
                                            "id": "135ffc83",
                                            "settings": {
                                                "view": "stacked",
                                                "icon": "fa fa-envelope-open-o",
                                                "align": "left",
                                                "primary_color": "#FF5E14",
                                                "size": {
                                                    "unit": "px",
                                                    "size": 24
                                                },
                                                "selected_icon": {
                                                    "value": "far fa-clock",
                                                    "library": "fa-regular"
                                                },
                                                "__fa4_migrated": {
                                                    "selected_icon": true
                                                }
                                            },
                                            "elements": [],
                                            "isInner": false,
                                            "widgetType": "icon",
                                            "elType": "widget"
                                        },
                                        {
                                            "id": "1abf2ee6",
                                            "settings": {
                                                "title": "Working hours\u200b",
                                                "header_size": "h3",
                                                "title_color": "#091441",
                                                "typography_typography": "custom",
                                                "typography_font_size": {
                                                    "unit": "em",
                                                    "size": 1.5,
                                                    "sizes": []
                                                },
                                                "align": "left",
                                                "typography_font_family": "Rajdhani",
                                                "typography_font_weight": "700",
                                                "_padding": {
                                                    "unit": "em",
                                                    "top": "0",
                                                    "right": "0",
                                                    "bottom": "0",
                                                    "left": "0",
                                                    "isLinked": false
                                                },
                                                "typography_font_size_tablet": {
                                                    "unit": "em",
                                                    "size": 1.3,
                                                    "sizes": []
                                                }
                                            },
                                            "elements": [],
                                            "isInner": false,
                                            "widgetType": "heading",
                                            "elType": "widget"
                                        },
                                        {
                                            "id": "5b508548",
                                            "settings": {
                                                "editor": "<p>Mon-Fri, 9am until 6pm<\/p>",
                                                "align": "left",
                                                "align_mobile": "justify",
                                                "text_color": "#7A7A7A",
                                                "typography_typography": "custom",
                                                "typography_font_family": "Open Sans",
                                                "typography_font_size": {
                                                    "unit": "em",
                                                    "size": 1
                                                },
                                                "typography_font_weight": "400",
                                                "typography_text_transform": "none",
                                                "typography_font_style": "normal",
                                                "typography_text_decoration": "none",
                                                "typography_line_height": {
                                                    "unit": "em",
                                                    "size": 1.5
                                                },
                                                "typography_line_height_mobile": {
                                                    "unit": "em",
                                                    "size": 1.8999999999999999,
                                                    "sizes": []
                                                }
                                            },
                                            "elements": [],
                                            "isInner": false,
                                            "widgetType": "text-editor",
                                            "elType": "widget"
                                        }
                                    ],
                                    "isInner": true,
                                    "elType": "column"
                                }
                            ],
                            "isInner": true,
                            "elType": "section"
                        },
                        {
                            "id": "75b9bfa2",
                            "settings": {
                                "editor": "<p>Nunc mi ipsum faucibus vitae aliquet nec ullamcorper. Lectus mauris ultrices eros in cursus turpis massa. Faucibus pulvinar elementum integer enim neque volutpat ac tincidunt.\u00a0<\/p>",
                                "align": "center"
                            },
                            "elements": [],
                            "isInner": false,
                            "widgetType": "text-editor",
                            "elType": "widget"
                        }
                    ],
                    "isInner": false,
                    "elType": "column"
                }
            ],
            "isInner": false,
            "elType": "section"
        },
        {
            "id": "58b28e96",
            "settings": {
                "stretch_section": "section-stretched",
                "layout": "full_width",
                "gap": "no",
                "html_tag": "section"
            },
            "elements": [
                {
                    "id": "69b780a3",
                    "settings": {
                        "_column_size": 100
                    },
                    "elements": [
                        {
                            "id": "f24aa9f",
                            "settings": {
                                "address": "Envato, Melbourne",
                                "zoom": {
                                    "unit": "px",
                                    "size": 15
                                },
                                "height": {
                                    "unit": "px",
                                    "size": 641
                                },
                                "_margin": {
                                    "unit": "%",
                                    "top": "0",
                                    "right": "0",
                                    "bottom": "-2",
                                    "left": "0",
                                    "isLinked": false
                                },
                                "_margin_mobile": {
                                    "unit": "%",
                                    "top": "0",
                                    "right": "0",
                                    "bottom": "-4",
                                    "left": "0",
                                    "isLinked": false
                                }
                            },
                            "elements": [],
                            "isInner": false,
                            "widgetType": "google_maps",
                            "elType": "widget"
                        },
                        {
                            "id": "5147ef6c",
                            "settings": {
                                "background_color": "#FF5E14",
                                "margin": {
                                    "unit": "%",
                                    "top": "-30",
                                    "right": 0,
                                    "bottom": "0",
                                    "left": 0,
                                    "isLinked": false
                                },
                                "margin_tablet": {
                                    "unit": "%",
                                    "top": "-2",
                                    "right": 0,
                                    "bottom": "0",
                                    "left": 0,
                                    "isLinked": false
                                },
                                "padding": {
                                    "unit": "em",
                                    "top": "0",
                                    "right": "51",
                                    "bottom": "0",
                                    "left": "6",
                                    "isLinked": false
                                },
                                "padding_tablet": {
                                    "unit": "em",
                                    "top": "0",
                                    "right": "0",
                                    "bottom": "0",
                                    "left": "0",
                                    "isLinked": false
                                },
                                "padding_mobile": {
                                    "unit": "em",
                                    "top": "",
                                    "right": "",
                                    "bottom": "",
                                    "left": "",
                                    "isLinked": true
                                }
                            },
                            "elements": [
                                {
                                    "id": "642f8665",
                                    "settings": {
                                        "_column_size": 100,
                                        "_inline_size": null,
                                        "space_between_widgets": 15,
                                        "background_background": "classic",
                                        "background_color": "#2E396F",
                                        "padding_mobile": {
                                            "unit": "em",
                                            "top": "2",
                                            "right": "2",
                                            "bottom": "2",
                                            "left": "2",
                                            "isLinked": true
                                        },
                                        "padding": {
                                            "unit": "em",
                                            "top": "2",
                                            "right": "2",
                                            "bottom": "2",
                                            "left": "2",
                                            "isLinked": true
                                        }
                                    },
                                    "elements": [
                                        {
                                            "id": "47cde527",
                                            "settings": {
                                                "selected_icon": {
                                                    "value": "fas fa-map-marker-alt",
                                                    "library": "fa-solid"
                                                },
                                                "primary_color": "#FF5E14",
                                                "size": {
                                                    "unit": "px",
                                                    "size": 34,
                                                    "sizes": []
                                                },
                                                "align": "left"
                                            },
                                            "elements": [],
                                            "isInner": false,
                                            "widgetType": "icon",
                                            "elType": "widget"
                                        },
                                        {
                                            "id": "4f378a9d",
                                            "settings": {
                                                "title": "visit today",
                                                "header_size": "h4",
                                                "title_color": "#7A7A7A"
                                            },
                                            "elements": [],
                                            "isInner": false,
                                            "widgetType": "heading",
                                            "elType": "widget"
                                        },
                                        {
                                            "id": "566ffdca",
                                            "settings": {
                                                "title": "location",
                                                "align": "left",
                                                "title_color": "#FFFFFF",
                                                "typography_typography": "custom",
                                                "typography_font_size": {
                                                    "unit": "em",
                                                    "size": 3
                                                },
                                                "typography_font_weight": "700",
                                                "_margin": {
                                                    "unit": "px",
                                                    "top": "-13",
                                                    "right": "0",
                                                    "bottom": "0",
                                                    "left": "0",
                                                    "isLinked": false
                                                },
                                                "typography_font_family": "Rajdhani",
                                                "typography_text_transform": "capitalize",
                                                "typography_font_style": "normal",
                                                "typography_text_decoration": "none"
                                            },
                                            "elements": [],
                                            "isInner": false,
                                            "widgetType": "heading",
                                            "elType": "widget"
                                        },
                                        {
                                            "id": "57dd86bd",
                                            "settings": {
                                                "editor": "<p>1422 Marshall Street,\u00a0Bel Air, Maryland, Zip. 21014<\/p>",
                                                "text_color": "#FFFFFF"
                                            },
                                            "elements": [],
                                            "isInner": false,
                                            "widgetType": "text-editor",
                                            "elType": "widget"
                                        }
                                    ],
                                    "isInner": true,
                                    "elType": "column"
                                }
                            ],
                            "isInner": true,
                            "elType": "section"
                        }
                    ],
                    "isInner": false,
                    "elType": "column"
                }
            ],
            "isInner": false,
            "elType": "section"
        },
        {
            "id": "675d26a3",
            "settings": {
                "stretch_section": "section-stretched",
                "content_position": "middle",
                "structure": "20",
                "background_background": "gradient",
                "padding": {
                    "unit": "em",
                    "top": "6",
                    "right": "2",
                    "bottom": "6",
                    "left": "2",
                    "isLinked": false
                },
                "html_tag": "section",
                "padding_tablet": {
                    "unit": "em",
                    "top": "4",
                    "right": "2",
                    "bottom": "2",
                    "left": "2",
                    "isLinked": false
                },
                "background_color": "#091441",
                "background_overlay_color": "#091441",
                "background_overlay_position": "center center",
                "background_overlay_attachment": "fixed",
                "background_overlay_repeat": "no-repeat",
                "background_overlay_size": "cover",
                "css_filters_css_filter": "custom",
                "css_filters_saturate": {
                    "unit": "px",
                    "size": 0,
                    "sizes": []
                },
                "background_color_b": "#2E396F",
                "background_overlay_opacity": {
                    "unit": "px",
                    "size": 0.14999999999999999,
                    "sizes": []
                },
                "padding_mobile": {
                    "unit": "em",
                    "top": "2",
                    "right": "2",
                    "bottom": "2",
                    "left": "2",
                    "isLinked": true
                },
                "background_overlay_background": "classic",
                "background_overlay_image": {
                    "url": "https:\/\/wp.envatoextensions.com\/collection-10\/wp-content\/uploads\/sites\/13\/2018\/05\/ricardo-gomez-angel-sYK-jN0sKBY-unsplash.jpg",
                    "id": 1149
                },
                "css_filters_blur": {
                    "unit": "px",
                    "size": 2.1000000000000001,
                    "sizes": []
                },
                "reverse_order_tablet": "reverse-tablet",
                "reverse_order_mobile": "reverse-mobile"
            },
            "elements": [
                {
                    "id": "6362e1b7",
                    "settings": {
                        "_column_size": 50,
                        "_inline_size": null,
                        "_inline_size_tablet": 100,
                        "padding": {
                            "unit": "em",
                            "top": "2",
                            "right": "2",
                            "bottom": "2",
                            "left": "2",
                            "isLinked": true
                        }
                    },
                    "elements": [
                        {
                            "id": "44aebcdb",
                            "settings": {
                                "structure": "40"
                            },
                            "elements": [
                                {
                                    "id": "66b3ced2",
                                    "settings": {
                                        "_column_size": 25,
                                        "_inline_size": null
                                    },
                                    "elements": [
                                        {
                                            "id": "44ee58ab",
                                            "settings": {
                                                "selected_icon": {
                                                    "value": "fab fa-facebook-f",
                                                    "library": "fa-brands"
                                                },
                                                "primary_color": "#FFFFFF",
                                                "size": {
                                                    "unit": "px",
                                                    "size": 35,
                                                    "sizes": []
                                                }
                                            },
                                            "elements": [],
                                            "isInner": false,
                                            "widgetType": "icon",
                                            "elType": "widget"
                                        }
                                    ],
                                    "isInner": true,
                                    "elType": "column"
                                },
                                {
                                    "id": "254f7b76",
                                    "settings": {
                                        "_column_size": 25,
                                        "_inline_size": null
                                    },
                                    "elements": [
                                        {
                                            "id": "656f9f49",
                                            "settings": {
                                                "selected_icon": {
                                                    "value": "fab fa-instagram",
                                                    "library": "fa-brands"
                                                },
                                                "primary_color": "#FFFFFF",
                                                "size": {
                                                    "unit": "px",
                                                    "size": 35,
                                                    "sizes": []
                                                }
                                            },
                                            "elements": [],
                                            "isInner": false,
                                            "widgetType": "icon",
                                            "elType": "widget"
                                        }
                                    ],
                                    "isInner": true,
                                    "elType": "column"
                                },
                                {
                                    "id": "638d9158",
                                    "settings": {
                                        "_column_size": 25,
                                        "_inline_size": null
                                    },
                                    "elements": [
                                        {
                                            "id": "2095052a",
                                            "settings": {
                                                "selected_icon": {
                                                    "value": "fab fa-linkedin-in",
                                                    "library": "fa-brands"
                                                },
                                                "primary_color": "#FFFFFF",
                                                "size": {
                                                    "unit": "px",
                                                    "size": 35,
                                                    "sizes": []
                                                }
                                            },
                                            "elements": [],
                                            "isInner": false,
                                            "widgetType": "icon",
                                            "elType": "widget"
                                        }
                                    ],
                                    "isInner": true,
                                    "elType": "column"
                                },
                                {
                                    "id": "66562bfb",
                                    "settings": {
                                        "_column_size": 25,
                                        "_inline_size": null
                                    },
                                    "elements": [
                                        {
                                            "id": "1469e518",
                                            "settings": {
                                                "selected_icon": {
                                                    "value": "fab fa-twitter",
                                                    "library": "fa-brands"
                                                },
                                                "primary_color": "#FFFFFF",
                                                "size": {
                                                    "unit": "px",
                                                    "size": 35,
                                                    "sizes": []
                                                }
                                            },
                                            "elements": [],
                                            "isInner": false,
                                            "widgetType": "icon",
                                            "elType": "widget"
                                        }
                                    ],
                                    "isInner": true,
                                    "elType": "column"
                                }
                            ],
                            "isInner": true,
                            "elType": "section"
                        }
                    ],
                    "isInner": false,
                    "elType": "column"
                },
                {
                    "id": "61052a9d",
                    "settings": {
                        "_column_size": 50,
                        "_inline_size": null,
                        "background_background": "classic",
                        "background_color": "#FF5E14",
                        "margin": {
                            "unit": "px",
                            "top": "0",
                            "right": "0",
                            "bottom": "0",
                            "left": "0",
                            "isLinked": true
                        },
                        "padding": {
                            "unit": "em",
                            "top": "5",
                            "right": "2",
                            "bottom": "5",
                            "left": "2",
                            "isLinked": false
                        },
                        "padding_tablet": {
                            "unit": "em",
                            "top": "2",
                            "right": "2",
                            "bottom": "2",
                            "left": "2",
                            "isLinked": true
                        },
                        "_inline_size_tablet": 100,
                        "padding_mobile": {
                            "unit": "em",
                            "top": "3",
                            "right": "2",
                            "bottom": "3",
                            "left": "2",
                            "isLinked": false
                        },
                        "animation": "fadeInLeft"
                    },
                    "elements": [
                        {
                            "id": "399cc43b",
                            "settings": {
                                "selected_icon": {
                                    "value": "fas fa-walking",
                                    "library": "fa-solid"
                                },
                                "align": "left",
                                "primary_color": "#FFFFFF",
                                "size": {
                                    "unit": "px",
                                    "size": 37,
                                    "sizes": []
                                },
                                "align_mobile": "center"
                            },
                            "elements": [],
                            "isInner": false,
                            "widgetType": "icon",
                            "elType": "widget"
                        },
                        {
                            "id": "603cec58",
                            "settings": {
                                "title": "follow us on social media",
                                "align": "left",
                                "title_color": "#FFFFFF",
                                "typography_typography": "custom",
                                "typography_font_size": {
                                    "unit": "em",
                                    "size": 3
                                },
                                "typography_font_weight": "700",
                                "_margin": {
                                    "unit": "px",
                                    "top": "-13",
                                    "right": "0",
                                    "bottom": "0",
                                    "left": "0",
                                    "isLinked": false
                                },
                                "typography_font_family": "Rajdhani",
                                "typography_text_transform": "capitalize",
                                "typography_font_style": "normal",
                                "typography_text_decoration": "none",
                                "align_mobile": "center"
                            },
                            "elements": [],
                            "isInner": false,
                            "widgetType": "heading",
                            "elType": "widget"
                        },
                        {
                            "id": "41ff174d",
                            "settings": {
                                "weight": {
                                    "unit": "px",
                                    "size": 3.2999999999999998
                                },
                                "color": "#FFFFFF",
                                "width": {
                                    "unit": "px",
                                    "size": 193
                                },
                                "gap": {
                                    "unit": "px",
                                    "size": 2
                                },
                                "_margin": {
                                    "unit": "px",
                                    "top": "-15",
                                    "right": "0",
                                    "bottom": "0",
                                    "left": "0",
                                    "isLinked": false
                                },
                                "text": "Divider",
                                "align": "left",
                                "style": "slashes",
                                "pattern_height": {
                                    "unit": "px",
                                    "size": 6.5,
                                    "sizes": []
                                },
                                "pattern_size": {
                                    "unit": "px",
                                    "size": 12.199999999999999,
                                    "sizes": []
                                }
                            },
                            "elements": [],
                            "isInner": false,
                            "widgetType": "divider",
                            "elType": "widget"
                        },
                        {
                            "id": "61e46029",
                            "settings": {
                                "text_color": "#FFFFFF",
                                "align_mobile": "justify"
                            },
                            "elements": [],
                            "isInner": false,
                            "widgetType": "text-editor",
                            "elType": "widget"
                        }
                    ],
                    "isInner": false,
                    "elType": "column"
                }
            ],
            "isInner": false,
            "elType": "section"
        }
    ]
}