{
    "version": "0.4",
    "title": "FAQ",
    "type": "section",
    "metadata": {
        "template_type": "section",
        "elementor_pro_required": false,
        "wp_page_template": "default"
    },
    "content": [
        {
            "id": "4cf9cc91",
            "settings": {
                "stretch_section": "section-stretched",
                "height": "min-height",
                "background_background": "classic",
                "background_image": {
                    "id": 1149,
                    "url": "https:\/\/wp.envatoextensions.com\/collection-10\/wp-content\/uploads\/sites\/13\/2018\/05\/ricardo-gomez-angel-sYK-jN0sKBY-unsplash.jpg"
                },
                "background_repeat": "no-repeat",
                "background_size": "cover",
                "margin": {
                    "unit": "px",
                    "top": "",
                    "right": 0,
                    "bottom": "",
                    "left": 0,
                    "isLinked": true
                },
                "background_position": "center center",
                "html_tag": "header",
                "custom_height": {
                    "unit": "px",
                    "size": 550
                },
                "background_overlay_background": "gradient",
                "background_overlay_color": "#091441",
                "background_overlay_color_b": "rgba(46, 57, 111, 0.28)",
                "background_overlay_gradient_angle": {
                    "unit": "deg",
                    "size": 360,
                    "sizes": []
                },
                "background_overlay_opacity": {
                    "unit": "px",
                    "size": 1,
                    "sizes": []
                },
                "padding_mobile": {
                    "unit": "em",
                    "top": "1",
                    "right": "1",
                    "bottom": "1",
                    "left": "1",
                    "isLinked": true
                }
            },
            "elements": [
                {
                    "id": "ca64af4",
                    "settings": {
                        "_column_size": 100,
                        "margin": {
                            "unit": "%",
                            "top": "0",
                            "right": "50",
                            "bottom": "0",
                            "left": "0",
                            "isLinked": false
                        },
                        "margin_mobile": {
                            "unit": "px",
                            "top": "0",
                            "right": "0",
                            "bottom": "0",
                            "left": "0",
                            "isLinked": false
                        },
                        "padding": {
                            "unit": "em",
                            "top": "2",
                            "right": "2",
                            "bottom": "2",
                            "left": "2",
                            "isLinked": true
                        },
                        "padding_mobile": {
                            "unit": "px",
                            "top": "0",
                            "right": "0",
                            "bottom": "0",
                            "left": "0",
                            "isLinked": false
                        },
                        "_inline_size_tablet": 100,
                        "margin_tablet": {
                            "unit": "%",
                            "top": "0",
                            "right": "0",
                            "bottom": "0",
                            "left": "0",
                            "isLinked": false
                        },
                        "padding_tablet": {
                            "unit": "em",
                            "top": "2",
                            "right": "2",
                            "bottom": "2",
                            "left": "2",
                            "isLinked": true
                        }
                    },
                    "elements": [
                        {
                            "id": "7f3d3161",
                            "settings": {
                                "title": "questions and answers",
                                "header_size": "h3",
                                "align": "left",
                                "title_color": "#ABABAB",
                                "typography_typography": "custom",
                                "typography_font_family": "Rajdhani",
                                "typography_font_size": {
                                    "unit": "em",
                                    "size": 1.5,
                                    "sizes": []
                                },
                                "typography_font_weight": "400",
                                "typography_text_transform": "capitalize",
                                "typography_font_style": "normal",
                                "typography_text_decoration": "none",
                                "align_mobile": "center"
                            },
                            "elements": [],
                            "isInner": false,
                            "widgetType": "heading",
                            "elType": "widget"
                        },
                        {
                            "id": "1837922",
                            "settings": {
                                "title": "FAQ",
                                "title_color": "#FFFFFF",
                                "typography_typography": "custom",
                                "typography_font_size": {
                                    "unit": "em",
                                    "size": 3.2999999999999998,
                                    "sizes": []
                                },
                                "header_size": "h1",
                                "align_mobile": "center",
                                "typography_font_family": "Rajdhani",
                                "typography_font_weight": "800",
                                "typography_text_transform": "capitalize",
                                "typography_font_style": "normal",
                                "typography_text_decoration": "none"
                            },
                            "elements": [],
                            "isInner": false,
                            "widgetType": "heading",
                            "elType": "widget"
                        },
                        {
                            "id": "332375cd",
                            "settings": {
                                "weight": {
                                    "unit": "px",
                                    "size": 3.2999999999999998
                                },
                                "color": "#FF5E14",
                                "width": {
                                    "unit": "px",
                                    "size": 95
                                },
                                "gap": {
                                    "unit": "px",
                                    "size": 2
                                },
                                "_margin": {
                                    "unit": "px",
                                    "top": "-15",
                                    "right": "0",
                                    "bottom": "0",
                                    "left": "0",
                                    "isLinked": false
                                },
                                "text": "Divider",
                                "align": "left",
                                "style": "slashes",
                                "pattern_height": {
                                    "unit": "px",
                                    "size": 6.5,
                                    "sizes": []
                                },
                                "pattern_size": {
                                    "unit": "px",
                                    "size": 12.199999999999999,
                                    "sizes": []
                                },
                                "width_mobile": {
                                    "unit": "%",
                                    "size": 83,
                                    "sizes": []
                                },
                                "align_mobile": "center"
                            },
                            "elements": [],
                            "isInner": false,
                            "widgetType": "divider",
                            "elType": "widget"
                        },
                        {
                            "id": "4a5ee36b",
                            "settings": {
                                "editor": "<p>Faucibus turpis in eu mi. Ac tortor vitae purus faucibus ornare suspendisse. Aenean euismod elementum nisi quis.<\/p>",
                                "text_color": "#FFFFFF",
                                "typography_typography": "custom",
                                "typography_font_size": {
                                    "unit": "em",
                                    "size": 1
                                },
                                "align_mobile": "center",
                                "typography_font_family": "Open Sans",
                                "typography_font_weight": "300",
                                "typography_line_height": {
                                    "unit": "em",
                                    "size": 1.6000000000000001
                                },
                                "_border_width": {
                                    "unit": "px",
                                    "top": "0",
                                    "right": "0",
                                    "bottom": "0",
                                    "left": "0",
                                    "isLinked": true
                                },
                                "_border_radius": {
                                    "unit": "px",
                                    "top": "0",
                                    "right": "0",
                                    "bottom": "0",
                                    "left": "0",
                                    "isLinked": true
                                }
                            },
                            "elements": [],
                            "isInner": false,
                            "widgetType": "text-editor",
                            "elType": "widget"
                        }
                    ],
                    "isInner": false,
                    "elType": "column"
                }
            ],
            "isInner": false,
            "elType": "section"
        },
        {
            "id": "4c685af6",
            "settings": {
                "height": "min-height",
                "html_tag": "section",
                "background_background": "classic",
                "background_color": "#091441"
            },
            "elements": [
                {
                    "id": "3901ad90",
                    "settings": {
                        "_column_size": 100,
                        "_inline_size": null,
                        "background_background": "classic",
                        "background_color": "#FFFFFF",
                        "box_shadow_box_shadow_type": "yes",
                        "box_shadow_box_shadow": {
                            "horizontal": 0,
                            "vertical": 31,
                            "blur": 10,
                            "spread": -19,
                            "color": "rgba(0,0,0,0.5)"
                        },
                        "margin": {
                            "unit": "%",
                            "top": "0",
                            "right": "0",
                            "bottom": "-4",
                            "left": "0",
                            "isLinked": false
                        },
                        "padding": {
                            "unit": "em",
                            "top": "2",
                            "right": "2",
                            "bottom": "2",
                            "left": "2",
                            "isLinked": true
                        },
                        "z_index": 1,
                        "animation": "fadeInUp"
                    },
                    "elements": [
                        {
                            "id": "72228e5b",
                            "settings": {
                                "selected_icon": {
                                    "value": "fas fa-info-circle",
                                    "library": "fa-solid"
                                },
                                "primary_color": "#FF5E14",
                                "size": {
                                    "unit": "px",
                                    "size": 34,
                                    "sizes": []
                                }
                            },
                            "elements": [],
                            "isInner": false,
                            "widgetType": "icon",
                            "elType": "widget"
                        },
                        {
                            "id": "11d10e80",
                            "settings": {
                                "title": "FAQ",
                                "header_size": "h3",
                                "align": "center",
                                "title_color": "#7A7A7A",
                                "typography_typography": "custom",
                                "typography_font_size": {
                                    "unit": "em",
                                    "size": 1.5,
                                    "sizes": []
                                },
                                "typography_font_weight": "400",
                                "typography_font_family": "Rajdhani",
                                "typography_text_transform": "capitalize",
                                "typography_font_style": "normal",
                                "typography_text_decoration": "none",
                                "align_mobile": "center"
                            },
                            "elements": [],
                            "isInner": false,
                            "widgetType": "heading",
                            "elType": "widget"
                        },
                        {
                            "id": "24d4116b",
                            "settings": {
                                "title": "Common questions",
                                "align": "center",
                                "title_color": "#1d1d37",
                                "typography_typography": "custom",
                                "typography_font_size": {
                                    "unit": "em",
                                    "size": 3
                                },
                                "typography_font_weight": "700",
                                "_margin": {
                                    "unit": "%",
                                    "top": "-2",
                                    "right": "0",
                                    "bottom": "0",
                                    "left": "0",
                                    "isLinked": false
                                },
                                "typography_font_family": "Rajdhani",
                                "typography_text_transform": "capitalize",
                                "typography_font_style": "normal",
                                "typography_text_decoration": "none",
                                "align_mobile": "center"
                            },
                            "elements": [],
                            "isInner": false,
                            "widgetType": "heading",
                            "elType": "widget"
                        },
                        {
                            "id": "4a3011ab",
                            "settings": {
                                "weight": {
                                    "unit": "px",
                                    "size": 3.2999999999999998
                                },
                                "color": "#FF5E14",
                                "width": {
                                    "unit": "px",
                                    "size": 428
                                },
                                "gap": {
                                    "unit": "px",
                                    "size": 2
                                },
                                "_margin": {
                                    "unit": "px",
                                    "top": "-15",
                                    "right": "0",
                                    "bottom": "0",
                                    "left": "0",
                                    "isLinked": false
                                },
                                "text": "Divider",
                                "align": "center",
                                "style": "slashes",
                                "pattern_height": {
                                    "unit": "px",
                                    "size": 6.5,
                                    "sizes": []
                                },
                                "pattern_size": {
                                    "unit": "px",
                                    "size": 12.199999999999999,
                                    "sizes": []
                                },
                                "align_mobile": "center",
                                "width_mobile": {
                                    "unit": "%",
                                    "size": 100,
                                    "sizes": []
                                }
                            },
                            "elements": [],
                            "isInner": false,
                            "widgetType": "divider",
                            "elType": "widget"
                        },
                        {
                            "id": "2fe80d7e",
                            "settings": [],
                            "elements": [
                                {
                                    "id": "32460ca2",
                                    "settings": {
                                        "_column_size": 100,
                                        "_inline_size": null,
                                        "space_between_widgets": 10
                                    },
                                    "elements": [
                                        {
                                            "id": "fbaaf9c",
                                            "settings": {
                                                "editor": "<p>Lorem ipsum dolor sit amet, consectetur adipiscing elit, sed do eiusmod tempor incididunt ut labore et dolore magna aliqua. Lorem ipsum dolor sit amet consectetur adipiscing. Urna id volutpat lacus laoreet. Auctor elit sed vulputate mi sit amet. Leo in vitae turpis massa. Lobortis mattis aliquam faucibus purus. Iaculis at erat pellentesque adipiscing commodo elit at imperdiet.<\/p>",
                                                "align": "left",
                                                "align_mobile": "justify",
                                                "text_color": "#7A7A7A",
                                                "typography_typography": "custom",
                                                "typography_font_family": "Open Sans",
                                                "typography_font_size": {
                                                    "unit": "em",
                                                    "size": 1
                                                },
                                                "typography_font_weight": "400",
                                                "typography_text_transform": "none",
                                                "typography_font_style": "normal",
                                                "typography_text_decoration": "none",
                                                "typography_line_height": {
                                                    "unit": "em",
                                                    "size": 1.5
                                                },
                                                "typography_line_height_mobile": {
                                                    "unit": "em",
                                                    "size": 1.8999999999999999,
                                                    "sizes": []
                                                }
                                            },
                                            "elements": [],
                                            "isInner": false,
                                            "widgetType": "text-editor",
                                            "elType": "widget"
                                        }
                                    ],
                                    "isInner": true,
                                    "elType": "column"
                                }
                            ],
                            "isInner": true,
                            "elType": "section"
                        },
                        {
                            "id": "7f668e14",
                            "settings": {
                                "structure": "20"
                            },
                            "elements": [
                                {
                                    "id": "4eb81df7",
                                    "settings": {
                                        "_column_size": 50,
                                        "_inline_size": null,
                                        "content_position": "center",
                                        "align": "center",
                                        "background_background": "classic",
                                        "background_color": "#FFFFFF",
                                        "border_border": "solid",
                                        "border_width": {
                                            "unit": "px",
                                            "top": "0",
                                            "right": "0",
                                            "bottom": "3",
                                            "left": "0",
                                            "isLinked": false
                                        },
                                        "border_color": "#FFFFFF",
                                        "box_shadow_box_shadow_type": "yes",
                                        "box_shadow_box_shadow": {
                                            "horizontal": 0,
                                            "vertical": 1,
                                            "blur": 10,
                                            "spread": 2,
                                            "color": "rgba(0, 0, 0, 0.34)"
                                        },
                                        "border_hover_border": "solid",
                                        "border_hover_width": {
                                            "unit": "px",
                                            "top": "0",
                                            "right": "0",
                                            "bottom": "3",
                                            "left": "0",
                                            "isLinked": false
                                        },
                                        "border_hover_color": "#FF5E14",
                                        "margin": {
                                            "unit": "%",
                                            "top": "3",
                                            "right": "3",
                                            "bottom": "3",
                                            "left": "3",
                                            "isLinked": true
                                        },
                                        "padding": {
                                            "unit": "em",
                                            "top": "3",
                                            "right": "3",
                                            "bottom": "3",
                                            "left": "3",
                                            "isLinked": true
                                        },
                                        "padding_mobile": {
                                            "unit": "em",
                                            "top": "1",
                                            "right": "1",
                                            "bottom": "1",
                                            "left": "1",
                                            "isLinked": true
                                        }
                                    },
                                    "elements": [
                                        {
                                            "id": "6d7b58e2",
                                            "settings": {
                                                "title": "What kind of documents needed to bind the contract?\u200b",
                                                "header_size": "h3",
                                                "title_color": "#091441",
                                                "typography_typography": "custom",
                                                "typography_font_size": {
                                                    "unit": "em",
                                                    "size": 1.5,
                                                    "sizes": []
                                                },
                                                "align": "left",
                                                "typography_font_family": "Rajdhani",
                                                "typography_font_weight": "700",
                                                "_padding": {
                                                    "unit": "em",
                                                    "top": "0",
                                                    "right": "0",
                                                    "bottom": "0",
                                                    "left": "0",
                                                    "isLinked": false
                                                }
                                            },
                                            "elements": [],
                                            "isInner": false,
                                            "widgetType": "heading",
                                            "elType": "widget"
                                        },
                                        {
                                            "id": "76a6fc7d",
                                            "settings": {
                                                "editor": "<p>Lorem ipsum dolor sit amet, consectetur adipiscing elit, sed do eiusmod tempor incididunt ut labore et dolore magna aliqua. Lorem ipsum dolor sit amet consectetur adipiscing.\u00a0<\/p>",
                                                "align": "left",
                                                "align_mobile": "justify",
                                                "text_color": "#7A7A7A",
                                                "typography_typography": "custom",
                                                "typography_font_family": "Open Sans",
                                                "typography_font_size": {
                                                    "unit": "em",
                                                    "size": 1
                                                },
                                                "typography_font_weight": "400",
                                                "typography_text_transform": "none",
                                                "typography_font_style": "normal",
                                                "typography_text_decoration": "none",
                                                "typography_line_height": {
                                                    "unit": "em",
                                                    "size": 1.5
                                                },
                                                "typography_line_height_mobile": {
                                                    "unit": "em",
                                                    "size": 1.8999999999999999,
                                                    "sizes": []
                                                }
                                            },
                                            "elements": [],
                                            "isInner": false,
                                            "widgetType": "text-editor",
                                            "elType": "widget"
                                        }
                                    ],
                                    "isInner": true,
                                    "elType": "column"
                                },
                                {
                                    "id": "1989555f",
                                    "settings": {
                                        "_column_size": 50,
                                        "_inline_size": null,
                                        "content_position": "center",
                                        "align": "center",
                                        "background_background": "classic",
                                        "background_color": "#FFFFFF",
                                        "border_border": "solid",
                                        "border_width": {
                                            "unit": "px",
                                            "top": "0",
                                            "right": "0",
                                            "bottom": "3",
                                            "left": "0",
                                            "isLinked": false
                                        },
                                        "border_color": "#FFFFFF",
                                        "box_shadow_box_shadow_type": "yes",
                                        "box_shadow_box_shadow": {
                                            "horizontal": 0,
                                            "vertical": 1,
                                            "blur": 10,
                                            "spread": 2,
                                            "color": "rgba(0, 0, 0, 0.34)"
                                        },
                                        "border_hover_border": "solid",
                                        "border_hover_width": {
                                            "unit": "px",
                                            "top": "0",
                                            "right": "0",
                                            "bottom": "3",
                                            "left": "0",
                                            "isLinked": false
                                        },
                                        "border_hover_color": "#FF5E14",
                                        "margin": {
                                            "unit": "%",
                                            "top": "3",
                                            "right": "3",
                                            "bottom": "3",
                                            "left": "3",
                                            "isLinked": true
                                        },
                                        "padding": {
                                            "unit": "em",
                                            "top": "3",
                                            "right": "3",
                                            "bottom": "3",
                                            "left": "3",
                                            "isLinked": true
                                        },
                                        "padding_mobile": {
                                            "unit": "em",
                                            "top": "1",
                                            "right": "1",
                                            "bottom": "1",
                                            "left": "1",
                                            "isLinked": true
                                        }
                                    },
                                    "elements": [
                                        {
                                            "id": "1b2f669c",
                                            "settings": {
                                                "title": "Lorem ipsum dolor sit amet, consectetur adipiscing elit ?",
                                                "header_size": "h3",
                                                "title_color": "#091441",
                                                "typography_typography": "custom",
                                                "typography_font_size": {
                                                    "unit": "em",
                                                    "size": 1.5,
                                                    "sizes": []
                                                },
                                                "align": "left",
                                                "typography_font_family": "Rajdhani",
                                                "typography_font_weight": "700",
                                                "_padding": {
                                                    "unit": "em",
                                                    "top": "0",
                                                    "right": "0",
                                                    "bottom": "0",
                                                    "left": "0",
                                                    "isLinked": false
                                                }
                                            },
                                            "elements": [],
                                            "isInner": false,
                                            "widgetType": "heading",
                                            "elType": "widget"
                                        },
                                        {
                                            "id": "61fb81a8",
                                            "settings": {
                                                "editor": "<p>Risus sed vulputate odio ut enim blandit volutpat maecenas. Amet dictum sit amet justo. Ut enim blandit volutpat maecenas volutpat blandit aliquam etiam erat.<\/p>",
                                                "align": "left",
                                                "align_mobile": "justify",
                                                "text_color": "#7A7A7A",
                                                "typography_typography": "custom",
                                                "typography_font_family": "Open Sans",
                                                "typography_font_size": {
                                                    "unit": "em",
                                                    "size": 1
                                                },
                                                "typography_font_weight": "400",
                                                "typography_text_transform": "none",
                                                "typography_font_style": "normal",
                                                "typography_text_decoration": "none",
                                                "typography_line_height": {
                                                    "unit": "em",
                                                    "size": 1.5
                                                },
                                                "typography_line_height_mobile": {
                                                    "unit": "em",
                                                    "size": 1.8999999999999999,
                                                    "sizes": []
                                                }
                                            },
                                            "elements": [],
                                            "isInner": false,
                                            "widgetType": "text-editor",
                                            "elType": "widget"
                                        }
                                    ],
                                    "isInner": true,
                                    "elType": "column"
                                }
                            ],
                            "isInner": true,
                            "elType": "section"
                        },
                        {
                            "id": "5e99529f",
                            "settings": {
                                "structure": "20"
                            },
                            "elements": [
                                {
                                    "id": "242d9fa2",
                                    "settings": {
                                        "_column_size": 50,
                                        "_inline_size": null,
                                        "content_position": "center",
                                        "align": "center",
                                        "background_background": "classic",
                                        "background_color": "#FFFFFF",
                                        "border_border": "solid",
                                        "border_width": {
                                            "unit": "px",
                                            "top": "0",
                                            "right": "0",
                                            "bottom": "3",
                                            "left": "0",
                                            "isLinked": false
                                        },
                                        "border_color": "#FFFFFF",
                                        "box_shadow_box_shadow_type": "yes",
                                        "box_shadow_box_shadow": {
                                            "horizontal": 0,
                                            "vertical": 1,
                                            "blur": 10,
                                            "spread": 2,
                                            "color": "rgba(0, 0, 0, 0.34)"
                                        },
                                        "border_hover_border": "solid",
                                        "border_hover_width": {
                                            "unit": "px",
                                            "top": "0",
                                            "right": "0",
                                            "bottom": "3",
                                            "left": "0",
                                            "isLinked": false
                                        },
                                        "border_hover_color": "#FF5E14",
                                        "margin": {
                                            "unit": "%",
                                            "top": "3",
                                            "right": "3",
                                            "bottom": "3",
                                            "left": "3",
                                            "isLinked": true
                                        },
                                        "padding": {
                                            "unit": "em",
                                            "top": "3",
                                            "right": "3",
                                            "bottom": "3",
                                            "left": "3",
                                            "isLinked": true
                                        },
                                        "padding_mobile": {
                                            "unit": "em",
                                            "top": "1",
                                            "right": "1",
                                            "bottom": "1",
                                            "left": "1",
                                            "isLinked": true
                                        }
                                    },
                                    "elements": [
                                        {
                                            "id": "6ea8ebd8",
                                            "settings": {
                                                "title": "Mattis aliquam faucibus purus in massa tempor nec feugiat?",
                                                "header_size": "h3",
                                                "title_color": "#091441",
                                                "typography_typography": "custom",
                                                "typography_font_size": {
                                                    "unit": "em",
                                                    "size": 1.5,
                                                    "sizes": []
                                                },
                                                "align": "left",
                                                "typography_font_family": "Rajdhani",
                                                "typography_font_weight": "700",
                                                "_padding": {
                                                    "unit": "em",
                                                    "top": "0",
                                                    "right": "0",
                                                    "bottom": "0",
                                                    "left": "0",
                                                    "isLinked": false
                                                }
                                            },
                                            "elements": [],
                                            "isInner": false,
                                            "widgetType": "heading",
                                            "elType": "widget"
                                        },
                                        {
                                            "id": "7f641d4",
                                            "settings": {
                                                "editor": "<p>Risus sed vulputate odio ut enim blandit volutpat maecenas. Amet dictum sit amet justo. Ut enim blandit volutpat maecenas volutpat blandit aliquam etiam erat.<\/p>",
                                                "align": "left",
                                                "align_mobile": "justify",
                                                "text_color": "#7A7A7A",
                                                "typography_typography": "custom",
                                                "typography_font_family": "Open Sans",
                                                "typography_font_size": {
                                                    "unit": "em",
                                                    "size": 1
                                                },
                                                "typography_font_weight": "400",
                                                "typography_text_transform": "none",
                                                "typography_font_style": "normal",
                                                "typography_text_decoration": "none",
                                                "typography_line_height": {
                                                    "unit": "em",
                                                    "size": 1.5
                                                },
                                                "typography_line_height_mobile": {
                                                    "unit": "em",
                                                    "size": 1.8999999999999999,
                                                    "sizes": []
                                                }
                                            },
                                            "elements": [],
                                            "isInner": false,
                                            "widgetType": "text-editor",
                                            "elType": "widget"
                                        }
                                    ],
                                    "isInner": true,
                                    "elType": "column"
                                },
                                {
                                    "id": "7fb7e289",
                                    "settings": {
                                        "_column_size": 50,
                                        "_inline_size": null,
                                        "content_position": "center",
                                        "align": "center",
                                        "background_background": "classic",
                                        "background_color": "#FFFFFF",
                                        "border_border": "solid",
                                        "border_width": {
                                            "unit": "px",
                                            "top": "0",
                                            "right": "0",
                                            "bottom": "3",
                                            "left": "0",
                                            "isLinked": false
                                        },
                                        "border_color": "#FFFFFF",
                                        "box_shadow_box_shadow_type": "yes",
                                        "box_shadow_box_shadow": {
                                            "horizontal": 0,
                                            "vertical": 1,
                                            "blur": 10,
                                            "spread": 2,
                                            "color": "rgba(0, 0, 0, 0.34)"
                                        },
                                        "border_hover_border": "solid",
                                        "border_hover_width": {
                                            "unit": "px",
                                            "top": "0",
                                            "right": "0",
                                            "bottom": "3",
                                            "left": "0",
                                            "isLinked": false
                                        },
                                        "border_hover_color": "#FF5E14",
                                        "margin": {
                                            "unit": "%",
                                            "top": "3",
                                            "right": "3",
                                            "bottom": "3",
                                            "left": "3",
                                            "isLinked": true
                                        },
                                        "padding": {
                                            "unit": "em",
                                            "top": "3",
                                            "right": "3",
                                            "bottom": "3",
                                            "left": "3",
                                            "isLinked": true
                                        },
                                        "padding_mobile": {
                                            "unit": "em",
                                            "top": "1",
                                            "right": "1",
                                            "bottom": "1",
                                            "left": "1",
                                            "isLinked": true
                                        }
                                    },
                                    "elements": [
                                        {
                                            "id": "531d891f",
                                            "settings": {
                                                "title": "What are some example of permitted contract?\u200b",
                                                "header_size": "h3",
                                                "title_color": "#091441",
                                                "typography_typography": "custom",
                                                "typography_font_size": {
                                                    "unit": "em",
                                                    "size": 1.5,
                                                    "sizes": []
                                                },
                                                "align": "left",
                                                "typography_font_family": "Rajdhani",
                                                "typography_font_weight": "700",
                                                "_padding": {
                                                    "unit": "em",
                                                    "top": "0",
                                                    "right": "0",
                                                    "bottom": "0",
                                                    "left": "0",
                                                    "isLinked": false
                                                }
                                            },
                                            "elements": [],
                                            "isInner": false,
                                            "widgetType": "heading",
                                            "elType": "widget"
                                        },
                                        {
                                            "id": "5ed2f9db",
                                            "settings": {
                                                "editor": "<p>Lorem ipsum dolor sit amet, consectetur adipiscing elit, sed do eiusmod tempor incididunt ut labore et dolore magna aliqua. Lorem ipsum dolor sit amet consectetur adipiscing.\u00a0<\/p>",
                                                "align": "left",
                                                "align_mobile": "justify",
                                                "text_color": "#7A7A7A",
                                                "typography_typography": "custom",
                                                "typography_font_family": "Open Sans",
                                                "typography_font_size": {
                                                    "unit": "em",
                                                    "size": 1
                                                },
                                                "typography_font_weight": "400",
                                                "typography_text_transform": "none",
                                                "typography_font_style": "normal",
                                                "typography_text_decoration": "none",
                                                "typography_line_height": {
                                                    "unit": "em",
                                                    "size": 1.5
                                                },
                                                "typography_line_height_mobile": {
                                                    "unit": "em",
                                                    "size": 1.8999999999999999,
                                                    "sizes": []
                                                }
                                            },
                                            "elements": [],
                                            "isInner": false,
                                            "widgetType": "text-editor",
                                            "elType": "widget"
                                        }
                                    ],
                                    "isInner": true,
                                    "elType": "column"
                                }
                            ],
                            "isInner": true,
                            "elType": "section"
                        }
                    ],
                    "isInner": false,
                    "elType": "column"
                }
            ],
            "isInner": false,
            "elType": "section"
        },
        {
            "id": "57465351",
            "settings": {
                "html_tag": "section",
                "background_background": "classic",
                "background_color": "#E3E3E3",
                "background_position": "center center",
                "background_attachment": "scroll",
                "background_repeat": "no-repeat",
                "background_size": "auto",
                "background_overlay_background": "classic",
                "background_overlay_image": {
                    "url": "https:\/\/wp.envatoextensions.com\/collection-10\/wp-content\/uploads\/sites\/13\/2018\/05\/image-from-rawpixel-id-585155.jpg",
                    "id": 1086
                },
                "background_overlay_attachment": "fixed",
                "background_overlay_repeat": "no-repeat",
                "background_overlay_size": "cover",
                "background_overlay_opacity": {
                    "unit": "px",
                    "size": 0.47999999999999998,
                    "sizes": []
                },
                "margin": {
                    "unit": "px",
                    "top": "",
                    "right": 0,
                    "bottom": "",
                    "left": 0,
                    "isLinked": true
                },
                "padding": {
                    "unit": "em",
                    "top": "8",
                    "right": "2",
                    "bottom": "9",
                    "left": "2",
                    "isLinked": false
                },
                "padding_mobile": {
                    "unit": "em",
                    "top": "6",
                    "right": "2",
                    "bottom": "6",
                    "left": "2",
                    "isLinked": false
                }
            },
            "elements": [
                {
                    "id": "31d1ee35",
                    "settings": {
                        "_column_size": 100
                    },
                    "elements": [
                        {
                            "id": "3596e8cc",
                            "settings": {
                                "title": "contact us",
                                "header_size": "h3",
                                "align": "center",
                                "title_color": "#7A7A7A",
                                "typography_typography": "custom",
                                "typography_font_size": {
                                    "unit": "em",
                                    "size": 1.5,
                                    "sizes": []
                                },
                                "typography_font_weight": "400",
                                "typography_font_family": "Rajdhani",
                                "typography_text_transform": "capitalize",
                                "typography_font_style": "normal",
                                "typography_text_decoration": "none",
                                "align_mobile": "center"
                            },
                            "elements": [],
                            "isInner": false,
                            "widgetType": "heading",
                            "elType": "widget"
                        },
                        {
                            "id": "577d4a33",
                            "settings": {
                                "title": "need expert help?",
                                "align": "center",
                                "title_color": "#1d1d37",
                                "typography_typography": "custom",
                                "typography_font_size": {
                                    "unit": "em",
                                    "size": 3
                                },
                                "typography_font_weight": "700",
                                "_margin": {
                                    "unit": "%",
                                    "top": "-2",
                                    "right": "0",
                                    "bottom": "0",
                                    "left": "0",
                                    "isLinked": false
                                },
                                "typography_font_family": "Rajdhani",
                                "typography_text_transform": "capitalize",
                                "typography_font_style": "normal",
                                "typography_text_decoration": "none",
                                "align_mobile": "center"
                            },
                            "elements": [],
                            "isInner": false,
                            "widgetType": "heading",
                            "elType": "widget"
                        },
                        {
                            "id": "76ec43af",
                            "settings": {
                                "weight": {
                                    "unit": "px",
                                    "size": 3.2999999999999998
                                },
                                "color": "#FF5E14",
                                "width": {
                                    "unit": "px",
                                    "size": 355
                                },
                                "gap": {
                                    "unit": "px",
                                    "size": 2
                                },
                                "_margin": {
                                    "unit": "px",
                                    "top": "-15",
                                    "right": "0",
                                    "bottom": "0",
                                    "left": "0",
                                    "isLinked": false
                                },
                                "text": "Divider",
                                "align": "center",
                                "style": "slashes",
                                "pattern_height": {
                                    "unit": "px",
                                    "size": 6.5,
                                    "sizes": []
                                },
                                "pattern_size": {
                                    "unit": "px",
                                    "size": 12.199999999999999,
                                    "sizes": []
                                },
                                "align_mobile": "center",
                                "width_mobile": {
                                    "unit": "%",
                                    "size": 100,
                                    "sizes": []
                                }
                            },
                            "elements": [],
                            "isInner": false,
                            "widgetType": "divider",
                            "elType": "widget"
                        },
                        {
                            "id": "341517cf",
                            "settings": {
                                "text": "contact us",
                                "align": "center",
                                "icon": "fa fa-arrow-right",
                                "icon_align": "right",
                                "icon_indent": {
                                    "unit": "px",
                                    "size": 26
                                },
                                "typography_typography": "custom",
                                "typography_font_weight": "600",
                                "typography_line_height": {
                                    "unit": "em",
                                    "size": 1.5
                                },
                                "button_text_color": "#FFFFFF",
                                "background_color": "#FF5E14",
                                "hover_color": "#ffffff",
                                "button_background_hover_color": "#FF5E14",
                                "button_hover_border_color": "#ff3600",
                                "border_width": {
                                    "unit": "px",
                                    "top": "1",
                                    "right": "1",
                                    "bottom": "1",
                                    "left": "1",
                                    "isLinked": true
                                },
                                "border_color": "#ff3600",
                                "border_radius": {
                                    "unit": "px",
                                    "top": "0",
                                    "right": "0",
                                    "bottom": "0",
                                    "left": "0",
                                    "isLinked": true
                                },
                                "selected_icon": {
                                    "value": "fas fa-arrow-right",
                                    "library": "fa-solid"
                                },
                                "typography_font_family": "Rajdhani",
                                "typography_font_size": {
                                    "unit": "em",
                                    "size": 1,
                                    "sizes": []
                                },
                                "typography_text_transform": "uppercase",
                                "typography_font_style": "normal",
                                "typography_text_decoration": "none",
                                "hover_animation": "float",
                                "__fa4_migrated": {
                                    "selected_icon": true
                                }
                            },
                            "elements": [],
                            "isInner": false,
                            "widgetType": "button",
                            "elType": "widget"
                        }
                    ],
                    "isInner": false,
                    "elType": "column"
                }
            ],
            "isInner": false,
            "elType": "section"
        },
        {
            "id": "e0cceb7",
            "settings": {
                "structure": "20",
                "padding": {
                    "unit": "em",
                    "top": "5",
                    "right": "2",
                    "bottom": "5",
                    "left": "2",
                    "isLinked": false
                }
            },
            "elements": [
                {
                    "id": "689142bf",
                    "settings": {
                        "_column_size": 50,
                        "_inline_size": null,
                        "content_position": "center",
                        "padding": {
                            "unit": "em",
                            "top": "2",
                            "right": "2",
                            "bottom": "2",
                            "left": "2",
                            "isLinked": true
                        },
                        "_inline_size_tablet": 100,
                        "padding_mobile": {
                            "unit": "em",
                            "top": "0",
                            "right": "0",
                            "bottom": "0",
                            "left": "0",
                            "isLinked": false
                        }
                    },
                    "elements": [
                        {
                            "id": "10247ed3",
                            "settings": {
                                "title": "contact us",
                                "header_size": "h3",
                                "align": "left",
                                "title_color": "#7A7A7A",
                                "typography_typography": "custom",
                                "typography_font_size": {
                                    "unit": "em",
                                    "size": 1.5,
                                    "sizes": []
                                },
                                "typography_font_weight": "400",
                                "typography_font_family": "Rajdhani",
                                "typography_text_transform": "capitalize",
                                "typography_font_style": "normal",
                                "typography_text_decoration": "none",
                                "align_mobile": "center"
                            },
                            "elements": [],
                            "isInner": false,
                            "widgetType": "heading",
                            "elType": "widget"
                        },
                        {
                            "id": "2aa82471",
                            "settings": {
                                "title": "Projects questions",
                                "align": "left",
                                "title_color": "#091441",
                                "typography_typography": "custom",
                                "typography_font_size": {
                                    "unit": "em",
                                    "size": 3
                                },
                                "typography_font_weight": "700",
                                "_margin": {
                                    "unit": "%",
                                    "top": "-2",
                                    "right": "0",
                                    "bottom": "0",
                                    "left": "0",
                                    "isLinked": false
                                },
                                "typography_font_family": "Rajdhani",
                                "typography_text_transform": "capitalize",
                                "typography_font_style": "normal",
                                "typography_text_decoration": "none",
                                "align_mobile": "center"
                            },
                            "elements": [],
                            "isInner": false,
                            "widgetType": "heading",
                            "elType": "widget"
                        },
                        {
                            "id": "3c97a35e",
                            "settings": {
                                "weight": {
                                    "unit": "px",
                                    "size": 3.2999999999999998
                                },
                                "color": "#FF5E14",
                                "width": {
                                    "unit": "px",
                                    "size": 376
                                },
                                "gap": {
                                    "unit": "px",
                                    "size": 2
                                },
                                "_margin": {
                                    "unit": "px",
                                    "top": "-15",
                                    "right": "0",
                                    "bottom": "0",
                                    "left": "0",
                                    "isLinked": false
                                },
                                "text": "Divider",
                                "align": "left",
                                "style": "slashes",
                                "pattern_height": {
                                    "unit": "px",
                                    "size": 6.5,
                                    "sizes": []
                                },
                                "pattern_size": {
                                    "unit": "px",
                                    "size": 12.199999999999999,
                                    "sizes": []
                                },
                                "align_mobile": "center",
                                "width_mobile": {
                                    "unit": "%",
                                    "size": 100,
                                    "sizes": []
                                }
                            },
                            "elements": [],
                            "isInner": false,
                            "widgetType": "divider",
                            "elType": "widget"
                        },
                        {
                            "id": "3d5252b0",
                            "settings": {
                                "editor": "<p>Lorem ipsum dolor sit amet, consectetur adipiscing elit, sed do eiusmod tempor incididunt ut labore et dolore magna aliqua. Lorem ipsum dolor sit amet consectetur adipiscing.\u00a0<\/p>",
                                "align": "left",
                                "align_mobile": "justify",
                                "text_color": "#7A7A7A",
                                "typography_typography": "custom",
                                "typography_font_family": "Open Sans",
                                "typography_font_size": {
                                    "unit": "em",
                                    "size": 1
                                },
                                "typography_font_weight": "400",
                                "typography_text_transform": "none",
                                "typography_font_style": "normal",
                                "typography_text_decoration": "none",
                                "typography_line_height": {
                                    "unit": "em",
                                    "size": 1.5
                                },
                                "typography_line_height_mobile": {
                                    "unit": "em",
                                    "size": 1.8999999999999999,
                                    "sizes": []
                                }
                            },
                            "elements": [],
                            "isInner": false,
                            "widgetType": "text-editor",
                            "elType": "widget"
                        }
                    ],
                    "isInner": false,
                    "elType": "column"
                },
                {
                    "id": "50bb880e",
                    "settings": {
                        "_column_size": 50,
                        "_inline_size": null,
                        "padding": {
                            "unit": "em",
                            "top": "2",
                            "right": "2",
                            "bottom": "2",
                            "left": "2",
                            "isLinked": true
                        },
                        "_inline_size_tablet": 100,
                        "padding_mobile": {
                            "unit": "px",
                            "top": "0",
                            "right": "0",
                            "bottom": "0",
                            "left": "0",
                            "isLinked": false
                        }
                    },
                    "elements": [
                        {
                            "id": "7780781a",
                            "settings": {
                                "tabs": [
                                    {
                                        "tab_title": "Lorem ipsum dolor sit amet, consectetur adipiscing ?",
                                        "tab_content": "Lorem ipsum dolor sit amet, consectetur adipiscing elit. Ut elit tellus, luctus nec ullamcorper mattis, pulvinar dapibus leo.",
                                        "_id": "8b05b07"
                                    },
                                    {
                                        "tab_title": "Quis eleifend quam adipiscing vitae. Aliquam purus ?",
                                        "tab_content": "<p>Sollicitudin aliquam ultrices sagittis orci a. Amet dictum sit amet justo donec enim diam vulputate. Magna ac placerat vestibulum lectus mauris ultrices eros in.<\/p>",
                                        "_id": "a02b053"
                                    },
                                    {
                                        "tab_title": "Pharetra diam sit amet nisl suscipit adipiscing bibendum  ?",
                                        "tab_content": "<p>Sollicitudin aliquam ultrices sagittis orci a. Amet dictum sit amet justo donec enim diam vulputate. Magna ac placerat vestibulum lectus mauris ultrices eros in.<\/p>",
                                        "_id": "5203b31"
                                    },
                                    {
                                        "tab_title": "Pharetra diam sit amet nisl suscipit adipiscing bibendum ?",
                                        "tab_content": "<p>Sollicitudin aliquam ultrices sagittis orci a. Amet dictum sit amet justo donec enim diam vulputate. Magna ac placerat vestibulum lectus mauris ultrices eros in.<\/p>",
                                        "_id": "67fffe2"
                                    },
                                    {
                                        "tab_title": "Nisl condimentum id venenatis a?",
                                        "tab_content": "<p>Sollicitudin aliquam ultrices sagittis orci a. Amet dictum sit amet justo donec enim diam vulputate. Magna ac placerat vestibulum lectus mauris ultrices eros in.<\/p>",
                                        "_id": "0bd5cd0"
                                    }
                                ],
                                "title_background": "#091441",
                                "title_color": "#FFFFFF",
                                "tab_active_color": "#FF5E14",
                                "title_typography_typography": "custom",
                                "title_typography_font_family": "Rajdhani",
                                "title_typography_font_size": {
                                    "unit": "em",
                                    "size": 1.3,
                                    "sizes": []
                                },
                                "title_typography_font_weight": "500",
                                "title_typography_text_transform": "none",
                                "title_typography_font_style": "normal",
                                "title_typography_text_decoration": "none",
                                "icon_color": "#FFFFFF",
                                "icon_active_color": "#FF5E14",
                                "icon_space": {
                                    "unit": "px",
                                    "size": 7,
                                    "sizes": []
                                },
                                "content_background_color": "#DDDDDD",
                                "content_color": "#2E396F",
                                "content_typography_typography": "custom",
                                "content_typography_font_family": "Open Sans",
                                "content_typography_font_size": {
                                    "unit": "em",
                                    "size": 1,
                                    "sizes": []
                                },
                                "content_typography_font_weight": "400",
                                "content_typography_text_transform": "none",
                                "content_typography_font_style": "normal",
                                "content_typography_text_decoration": "none",
                                "content_typography_line_height": {
                                    "unit": "em",
                                    "size": 1.6000000000000001,
                                    "sizes": []
                                },
                                "_padding": {
                                    "unit": "em",
                                    "top": "",
                                    "right": "",
                                    "bottom": "",
                                    "left": "",
                                    "isLinked": true
                                }
                            },
                            "elements": [],
                            "isInner": false,
                            "widgetType": "accordion",
                            "elType": "widget"
                        }
                    ],
                    "isInner": false,
                    "elType": "column"
                }
            ],
            "isInner": false,
            "elType": "section"
        },
        {
            "id": "3a71e218",
            "settings": {
                "stretch_section": "section-stretched",
                "content_position": "middle",
                "structure": "20",
                "background_background": "gradient",
                "padding": {
                    "unit": "em",
                    "top": "6",
                    "right": "2",
                    "bottom": "6",
                    "left": "2",
                    "isLinked": false
                },
                "html_tag": "section",
                "padding_tablet": {
                    "unit": "em",
                    "top": "4",
                    "right": "2",
                    "bottom": "2",
                    "left": "2",
                    "isLinked": false
                },
                "background_color": "#091441",
                "background_overlay_color": "#091441",
                "background_overlay_position": "center center",
                "background_overlay_attachment": "fixed",
                "background_overlay_repeat": "no-repeat",
                "background_overlay_size": "cover",
                "css_filters_css_filter": "custom",
                "css_filters_saturate": {
                    "unit": "px",
                    "size": 0,
                    "sizes": []
                },
                "background_color_b": "#2E396F",
                "background_overlay_opacity": {
                    "unit": "px",
                    "size": 0.62,
                    "sizes": []
                },
                "overlay_blend_mode": "darken",
                "padding_mobile": {
                    "unit": "em",
                    "top": "2",
                    "right": "2",
                    "bottom": "2",
                    "left": "2",
                    "isLinked": true
                }
            },
            "elements": [
                {
                    "id": "28d3af4a",
                    "settings": {
                        "_column_size": 50,
                        "_inline_size": null,
                        "background_background": "classic",
                        "background_color": "#FF5E14",
                        "margin": {
                            "unit": "px",
                            "top": "0",
                            "right": "0",
                            "bottom": "0",
                            "left": "0",
                            "isLinked": true
                        },
                        "padding": {
                            "unit": "em",
                            "top": "5",
                            "right": "2",
                            "bottom": "5",
                            "left": "2",
                            "isLinked": false
                        },
                        "padding_tablet": {
                            "unit": "em",
                            "top": "2",
                            "right": "2",
                            "bottom": "2",
                            "left": "2",
                            "isLinked": true
                        },
                        "_inline_size_tablet": 100,
                        "padding_mobile": {
                            "unit": "em",
                            "top": "5",
                            "right": "2",
                            "bottom": "5",
                            "left": "2",
                            "isLinked": false
                        },
                        "animation": "fadeInLeft"
                    },
                    "elements": [
                        {
                            "id": "7cd48b7c",
                            "settings": {
                                "selected_icon": {
                                    "value": "fas fa-walking",
                                    "library": "fa-solid"
                                },
                                "align": "left",
                                "primary_color": "#FFFFFF",
                                "size": {
                                    "unit": "px",
                                    "size": 37,
                                    "sizes": []
                                }
                            },
                            "elements": [],
                            "isInner": false,
                            "widgetType": "icon",
                            "elType": "widget"
                        },
                        {
                            "id": "35d6788b",
                            "settings": {
                                "title": "follow us on social media",
                                "align": "left",
                                "title_color": "#FFFFFF",
                                "typography_typography": "custom",
                                "typography_font_size": {
                                    "unit": "em",
                                    "size": 3
                                },
                                "typography_font_weight": "700",
                                "_margin": {
                                    "unit": "px",
                                    "top": "-13",
                                    "right": "0",
                                    "bottom": "0",
                                    "left": "0",
                                    "isLinked": false
                                },
                                "typography_font_family": "Rajdhani",
                                "typography_text_transform": "capitalize",
                                "typography_font_style": "normal",
                                "typography_text_decoration": "none"
                            },
                            "elements": [],
                            "isInner": false,
                            "widgetType": "heading",
                            "elType": "widget"
                        },
                        {
                            "id": "6a51123e",
                            "settings": {
                                "weight": {
                                    "unit": "px",
                                    "size": 3.2999999999999998
                                },
                                "color": "#FFFFFF",
                                "width": {
                                    "unit": "px",
                                    "size": 193
                                },
                                "gap": {
                                    "unit": "px",
                                    "size": 2
                                },
                                "_margin": {
                                    "unit": "px",
                                    "top": "-15",
                                    "right": "0",
                                    "bottom": "0",
                                    "left": "0",
                                    "isLinked": false
                                },
                                "text": "Divider",
                                "align": "left",
                                "style": "slashes",
                                "pattern_height": {
                                    "unit": "px",
                                    "size": 6.5,
                                    "sizes": []
                                },
                                "pattern_size": {
                                    "unit": "px",
                                    "size": 12.199999999999999,
                                    "sizes": []
                                }
                            },
                            "elements": [],
                            "isInner": false,
                            "widgetType": "divider",
                            "elType": "widget"
                        },
                        {
                            "id": "63a13841",
                            "settings": {
                                "text_color": "#FFFFFF"
                            },
                            "elements": [],
                            "isInner": false,
                            "widgetType": "text-editor",
                            "elType": "widget"
                        }
                    ],
                    "isInner": false,
                    "elType": "column"
                },
                {
                    "id": "3be20cc1",
                    "settings": {
                        "_column_size": 50,
                        "_inline_size": null,
                        "_inline_size_tablet": 100,
                        "padding": {
                            "unit": "em",
                            "top": "2",
                            "right": "2",
                            "bottom": "2",
                            "left": "2",
                            "isLinked": true
                        }
                    },
                    "elements": [
                        {
                            "id": "384e03f",
                            "settings": {
                                "structure": "40"
                            },
                            "elements": [
                                {
                                    "id": "4fc301f7",
                                    "settings": {
                                        "_column_size": 25,
                                        "_inline_size": null
                                    },
                                    "elements": [
                                        {
                                            "id": "5c02f6f",
                                            "settings": {
                                                "selected_icon": {
                                                    "value": "fab fa-facebook-f",
                                                    "library": "fa-brands"
                                                },
                                                "primary_color": "#FFFFFF",
                                                "size": {
                                                    "unit": "px",
                                                    "size": 35,
                                                    "sizes": []
                                                }
                                            },
                                            "elements": [],
                                            "isInner": false,
                                            "widgetType": "icon",
                                            "elType": "widget"
                                        }
                                    ],
                                    "isInner": true,
                                    "elType": "column"
                                },
                                {
                                    "id": "3e8c41c8",
                                    "settings": {
                                        "_column_size": 25,
                                        "_inline_size": null
                                    },
                                    "elements": [
                                        {
                                            "id": "308fd3ec",
                                            "settings": {
                                                "selected_icon": {
                                                    "value": "fab fa-instagram",
                                                    "library": "fa-brands"
                                                },
                                                "primary_color": "#FFFFFF",
                                                "size": {
                                                    "unit": "px",
                                                    "size": 35,
                                                    "sizes": []
                                                }
                                            },
                                            "elements": [],
                                            "isInner": false,
                                            "widgetType": "icon",
                                            "elType": "widget"
                                        }
                                    ],
                                    "isInner": true,
                                    "elType": "column"
                                },
                                {
                                    "id": "4b4afa3b",
                                    "settings": {
                                        "_column_size": 25,
                                        "_inline_size": null
                                    },
                                    "elements": [
                                        {
                                            "id": "2004f56c",
                                            "settings": {
                                                "selected_icon": {
                                                    "value": "fab fa-linkedin-in",
                                                    "library": "fa-brands"
                                                },
                                                "primary_color": "#FFFFFF",
                                                "size": {
                                                    "unit": "px",
                                                    "size": 35,
                                                    "sizes": []
                                                }
                                            },
                                            "elements": [],
                                            "isInner": false,
                                            "widgetType": "icon",
                                            "elType": "widget"
                                        }
                                    ],
                                    "isInner": true,
                                    "elType": "column"
                                },
                                {
                                    "id": "4cae4447",
                                    "settings": {
                                        "_column_size": 25,
                                        "_inline_size": null
                                    },
                                    "elements": [
                                        {
                                            "id": "20fefe54",
                                            "settings": {
                                                "selected_icon": {
                                                    "value": "fab fa-twitter",
                                                    "library": "fa-brands"
                                                },
                                                "primary_color": "#FFFFFF",
                                                "size": {
                                                    "unit": "px",
                                                    "size": 35,
                                                    "sizes": []
                                                }
                                            },
                                            "elements": [],
                                            "isInner": false,
                                            "widgetType": "icon",
                                            "elType": "widget"
                                        }
                                    ],
                                    "isInner": true,
                                    "elType": "column"
                                }
                            ],
                            "isInner": true,
                            "elType": "section"
                        }
                    ],
                    "isInner": false,
                    "elType": "column"
                }
            ],
            "isInner": false,
            "elType": "section"
        }
    ]
}