{
    "version": "0.4",
    "title": "Project Detail",
    "type": "section",
    "metadata": {
        "template_type": "section",
        "elementor_pro_required": false,
        "wp_page_template": "default"
    },
    "content": [
        {
            "id": "5935c6a1",
            "settings": {
                "height": "min-height",
                "background_background": "classic",
                "background_image": {
                    "id": 1147,
                    "url": "https:\/\/wp.envatoextensions.com\/collection-10\/wp-content\/uploads\/sites\/13\/2018\/05\/jason-forrest-pZTokRouVdc-unsplash.jpg"
                },
                "background_repeat": "no-repeat",
                "background_size": "cover",
                "margin": {
                    "unit": "px",
                    "top": "",
                    "right": 0,
                    "bottom": "",
                    "left": 0,
                    "isLinked": true
                },
                "html_tag": "header",
                "custom_height": {
                    "unit": "px",
                    "size": 550
                },
                "background_position": "top center",
                "background_overlay_background": "gradient",
                "background_overlay_color": "#091441",
                "background_overlay_color_b": "rgba(46, 57, 111, 0.28)",
                "background_overlay_gradient_angle": {
                    "unit": "deg",
                    "size": 360,
                    "sizes": []
                },
                "background_overlay_opacity": {
                    "unit": "px",
                    "size": 1,
                    "sizes": []
                },
                "padding_mobile": {
                    "unit": "em",
                    "top": "1",
                    "right": "1",
                    "bottom": "1",
                    "left": "1",
                    "isLinked": true
                }
            },
            "elements": [
                {
                    "id": "27a503a8",
                    "settings": {
                        "_column_size": 100,
                        "margin": {
                            "unit": "%",
                            "top": "0",
                            "right": "50",
                            "bottom": "0",
                            "left": "0",
                            "isLinked": false
                        },
                        "margin_mobile": {
                            "unit": "px",
                            "top": "0",
                            "right": "0",
                            "bottom": "0",
                            "left": "0",
                            "isLinked": false
                        },
                        "padding": {
                            "unit": "em",
                            "top": "2",
                            "right": "2",
                            "bottom": "2",
                            "left": "2",
                            "isLinked": true
                        },
                        "padding_mobile": {
                            "unit": "px",
                            "top": "0",
                            "right": "0",
                            "bottom": "0",
                            "left": "0",
                            "isLinked": false
                        }
                    },
                    "elements": [
                        {
                            "id": "6e1b6c15",
                            "settings": {
                                "title": "Single Project",
                                "title_color": "#ffffff",
                                "typography_typography": "custom",
                                "typography_font_size": {
                                    "unit": "em",
                                    "size": 3
                                },
                                "text_shadow_text_shadow_type": "yes",
                                "text_shadow_text_shadow": {
                                    "horizontal": 1,
                                    "vertical": 1,
                                    "blur": 2,
                                    "color": "rgba(0,0,0,0.3)"
                                },
                                "header_size": "h1"
                            },
                            "elements": [],
                            "isInner": false,
                            "widgetType": "heading",
                            "elType": "widget"
                        },
                        {
                            "id": "275c8ab",
                            "settings": {
                                "weight": {
                                    "unit": "px",
                                    "size": 3.2999999999999998
                                },
                                "color": "#FF5E14",
                                "width": {
                                    "unit": "px",
                                    "size": 381
                                },
                                "gap": {
                                    "unit": "px",
                                    "size": 2
                                },
                                "_margin": {
                                    "unit": "px",
                                    "top": "-15",
                                    "right": "0",
                                    "bottom": "0",
                                    "left": "0",
                                    "isLinked": false
                                },
                                "text": "Divider",
                                "align": "left",
                                "style": "slashes",
                                "pattern_height": {
                                    "unit": "px",
                                    "size": 6.5,
                                    "sizes": []
                                },
                                "pattern_size": {
                                    "unit": "px",
                                    "size": 12.199999999999999,
                                    "sizes": []
                                },
                                "width_mobile": {
                                    "unit": "%",
                                    "size": 83,
                                    "sizes": []
                                },
                                "align_mobile": "center"
                            },
                            "elements": [],
                            "isInner": false,
                            "widgetType": "divider",
                            "elType": "widget"
                        },
                        {
                            "id": "4c5d484e",
                            "settings": {
                                "editor": "<p>Faucibus turpis in eu mi. Ac tortor vitae purus faucibus ornare suspendisse. Aenean euismod elementum nisi quis.<\/p>",
                                "text_color": "#FFFFFF",
                                "typography_typography": "custom",
                                "typography_font_size": {
                                    "unit": "em",
                                    "size": 1
                                },
                                "align_mobile": "center",
                                "typography_font_family": "Open Sans",
                                "typography_font_weight": "300",
                                "typography_line_height": {
                                    "unit": "em",
                                    "size": 1.6000000000000001
                                },
                                "_border_width": {
                                    "unit": "px",
                                    "top": "0",
                                    "right": "0",
                                    "bottom": "0",
                                    "left": "0",
                                    "isLinked": true
                                },
                                "_border_radius": {
                                    "unit": "px",
                                    "top": "0",
                                    "right": "0",
                                    "bottom": "0",
                                    "left": "0",
                                    "isLinked": true
                                }
                            },
                            "elements": [],
                            "isInner": false,
                            "widgetType": "text-editor",
                            "elType": "widget"
                        }
                    ],
                    "isInner": false,
                    "elType": "column"
                }
            ],
            "isInner": false,
            "elType": "section"
        },
        {
            "id": "302d95a7",
            "settings": {
                "structure": "20",
                "html_tag": "section",
                "background_background": "classic",
                "background_color": "#ffffff",
                "padding": {
                    "unit": "em",
                    "top": "5",
                    "right": "0",
                    "bottom": "5",
                    "left": "0",
                    "isLinked": false
                }
            },
            "elements": [
                {
                    "id": "71c5432a",
                    "settings": {
                        "_column_size": 50,
                        "_inline_size": 40,
                        "padding": {
                            "unit": "em",
                            "top": "1",
                            "right": "3",
                            "bottom": "1",
                            "left": "1",
                            "isLinked": false
                        }
                    },
                    "elements": [
                        {
                            "id": "15615425",
                            "settings": {
                                "title": "Project Details",
                                "title_color": "#1d1d27",
                                "_padding": {
                                    "unit": "px",
                                    "top": "0",
                                    "right": "0",
                                    "bottom": "0",
                                    "left": "15",
                                    "isLinked": false
                                },
                                "_border_border": "solid",
                                "_border_width": {
                                    "unit": "px",
                                    "top": "0",
                                    "right": "0",
                                    "bottom": "0",
                                    "left": "2",
                                    "isLinked": false
                                },
                                "_border_color": "#ff3600",
                                "_border_radius": {
                                    "unit": "px",
                                    "top": "0",
                                    "right": "0",
                                    "bottom": "0",
                                    "left": "2",
                                    "isLinked": false
                                }
                            },
                            "elements": [],
                            "isInner": false,
                            "widgetType": "heading",
                            "elType": "widget"
                        },
                        {
                            "id": "21ab972b",
                            "settings": {
                                "title": "Maecenas sed diam eget risus varius blandit sit amet non magna. Vestibulum id ligula porta felis euismod semper. Curabitur blandit tempus porttitor. Vestibulum id ligula porta felis euismod semper.",
                                "header_size": "p",
                                "title_color": "#434343",
                                "typography_typography": "custom",
                                "typography_line_height": {
                                    "unit": "em",
                                    "size": 1.5
                                }
                            },
                            "elements": [],
                            "isInner": false,
                            "widgetType": "heading",
                            "elType": "widget"
                        },
                        {
                            "id": "6f220f8c",
                            "settings": {
                                "editor": "<p>Cras justo odio, dapibus ac facilisis in, egestas eget quam. Fusce dapibus, tellus ac cursus commodo, tortor mauris condimentum nibh, ut fermentum massa justo sit amet risus. Morbi leo risus, porta ac consectetur ac, vestibulum at eros. Maecenas faucibus mollis interdum. Maecenas faucibus mollis interdum. Donec sed odio dui.\u00a0Duis mollis, est non commodo luctus, nisi erat porttitor ligula, eget lacinia odio sem nec elit.\u00a0Lorem ipsum dolor sit amet, consectetur adipiscing elit.<\/p><p>Cum sociis natoque penatibus et magnis dis parturient montes, nascetur ridiculus mus. Cras justo odio, dapibus ac facilisis in, egestas eget quam. Cras mattis consectetur purus sit amet fermentum. Aenean eu leo quam. Pellentesque ornare sem lacinia quam venenatis vestibulum. Nulla vitae elit libero, a pharetra augue. Curabitur blandit tempus porttitor. Lorem ipsum dolor sit amet, consectetur adipiscing elit.<\/p>",
                                "text_color": "#434343",
                                "typography_typography": "custom",
                                "typography_font_size": {
                                    "unit": "rem",
                                    "size": 0.90000000000000002
                                },
                                "typography_line_height": {
                                    "unit": "em",
                                    "size": 1.7
                                }
                            },
                            "elements": [],
                            "isInner": false,
                            "widgetType": "text-editor",
                            "elType": "widget"
                        }
                    ],
                    "isInner": false,
                    "elType": "column"
                },
                {
                    "id": "129f0f96",
                    "settings": {
                        "_column_size": 50,
                        "_inline_size": 60,
                        "content_position": "top"
                    },
                    "elements": [
                        {
                            "id": "293a022e",
                            "settings": {
                                "wp_gallery": [
                                    {
                                        "id": 82,
                                        "url": "https:\/\/wp.envatoextensions.com\/collection-10\/wp-content\/uploads\/sites\/13\/2018\/05\/jamie-street-105288-unsplash.jpg"
                                    },
                                    {
                                        "id": 81,
                                        "url": "https:\/\/wp.envatoextensions.com\/collection-10\/wp-content\/uploads\/sites\/13\/2018\/05\/igor-ovsyannykov-371066-unsplash.jpg"
                                    },
                                    {
                                        "id": 80,
                                        "url": "https:\/\/wp.envatoextensions.com\/collection-10\/wp-content\/uploads\/sites\/13\/2018\/05\/dominik-vanyi-632134-unsplash.jpg"
                                    },
                                    {
                                        "id": 79,
                                        "url": "https:\/\/wp.envatoextensions.com\/collection-10\/wp-content\/uploads\/sites\/13\/2018\/05\/ant-rozetsky-140870-unsplash.jpg"
                                    },
                                    {
                                        "id": 76,
                                        "url": "https:\/\/wp.envatoextensions.com\/collection-10\/wp-content\/uploads\/sites\/13\/2018\/05\/robin-sommer-559996-unsplash.jpg"
                                    },
                                    {
                                        "id": 75,
                                        "url": "https:\/\/wp.envatoextensions.com\/collection-10\/wp-content\/uploads\/sites\/13\/2018\/05\/aleksey-malinovski-554106-unsplash.jpg"
                                    }
                                ],
                                "thumbnail_size": "medium_large",
                                "gallery_columns": "2",
                                "open_lightbox": "yes",
                                "image_spacing": "custom"
                            },
                            "elements": [],
                            "isInner": false,
                            "widgetType": "image-gallery",
                            "elType": "widget"
                        }
                    ],
                    "isInner": false,
                    "elType": "column"
                }
            ],
            "isInner": false,
            "elType": "section"
        },
        {
            "id": "2c58a1c4",
            "settings": {
                "stretch_section": "section-stretched",
                "structure": "30",
                "background_background": "gradient",
                "padding": {
                    "unit": "em",
                    "top": "6",
                    "right": "2",
                    "bottom": "6",
                    "left": "2",
                    "isLinked": false
                },
                "html_tag": "section",
                "background_color": "#091441",
                "content_position": "middle",
                "background_color_b": "#2E396F",
                "background_overlay_background": "classic",
                "background_overlay_color": "#091441",
                "background_overlay_image": {
                    "url": "https:\/\/wp.envatoextensions.com\/collection-10\/wp-content\/uploads\/sites\/13\/2018\/05\/sustainable-energy.jpg",
                    "id": 293
                },
                "background_overlay_position": "center center",
                "background_overlay_attachment": "fixed",
                "background_overlay_repeat": "no-repeat",
                "background_overlay_size": "cover",
                "background_overlay_opacity": {
                    "unit": "px",
                    "size": 0.14999999999999999,
                    "sizes": []
                },
                "css_filters_css_filter": "custom",
                "css_filters_blur": {
                    "unit": "px",
                    "size": 2.1000000000000001,
                    "sizes": []
                },
                "css_filters_saturate": {
                    "unit": "px",
                    "size": 0,
                    "sizes": []
                },
                "padding_tablet": {
                    "unit": "em",
                    "top": "4",
                    "right": "2",
                    "bottom": "2",
                    "left": "2",
                    "isLinked": false
                },
                "padding_mobile": {
                    "unit": "em",
                    "top": "2",
                    "right": "2",
                    "bottom": "2",
                    "left": "2",
                    "isLinked": true
                }
            },
            "elements": [
                {
                    "id": "562eef70",
                    "settings": {
                        "_column_size": 33,
                        "_inline_size": null,
                        "border_radius": {
                            "unit": "px",
                            "top": "0",
                            "right": "0",
                            "bottom": "0",
                            "left": "0",
                            "isLinked": true
                        }
                    },
                    "elements": [
                        {
                            "id": "7a2de262",
                            "settings": {
                                "icon": "fa fa-calendar",
                                "title_text": "Construction Date",
                                "description_text": "October 2018",
                                "primary_color": "#ff3600",
                                "icon_size": {
                                    "unit": "px",
                                    "size": 38
                                },
                                "title_color": "#1d1d27",
                                "title_typography_typography": "custom",
                                "title_typography_font_size": {
                                    "unit": "rem",
                                    "size": 1.2
                                },
                                "description_color": "#434343",
                                "description_typography_typography": "custom",
                                "description_typography_font_size": {
                                    "unit": "rem",
                                    "size": 0.90000000000000002
                                },
                                "_padding": {
                                    "unit": "px",
                                    "top": "40",
                                    "right": "20",
                                    "bottom": "40",
                                    "left": "20",
                                    "isLinked": false
                                },
                                "_background_background": "classic",
                                "_background_color": "#ffffff",
                                "_border_radius": {
                                    "unit": "%",
                                    "top": "",
                                    "right": "",
                                    "bottom": "",
                                    "left": "",
                                    "isLinked": true
                                },
                                "selected_icon": {
                                    "value": "fas fa-calendar-alt",
                                    "library": "fa-solid"
                                },
                                "__fa4_migrated": {
                                    "selected_icon": true
                                }
                            },
                            "elements": [],
                            "isInner": false,
                            "widgetType": "icon-box",
                            "elType": "widget"
                        }
                    ],
                    "isInner": false,
                    "elType": "column"
                },
                {
                    "id": "9e02e31",
                    "settings": {
                        "_column_size": 33,
                        "_inline_size": null
                    },
                    "elements": [
                        {
                            "id": "2b34589d",
                            "settings": {
                                "icon": "fa fa-map-marker",
                                "title_text": "Construction Location",
                                "description_text": "Albuquerque, Australia",
                                "primary_color": "#ff3600",
                                "icon_size": {
                                    "unit": "px",
                                    "size": 38
                                },
                                "title_color": "#1d1d27",
                                "title_typography_typography": "custom",
                                "title_typography_font_size": {
                                    "unit": "rem",
                                    "size": 1.2
                                },
                                "description_color": "#434343",
                                "description_typography_typography": "custom",
                                "description_typography_font_size": {
                                    "unit": "rem",
                                    "size": 0.90000000000000002
                                },
                                "_padding": {
                                    "unit": "px",
                                    "top": "40",
                                    "right": "20",
                                    "bottom": "40",
                                    "left": "20",
                                    "isLinked": false
                                },
                                "_background_background": "classic",
                                "_background_color": "#ffffff",
                                "_border_radius": {
                                    "unit": "%",
                                    "top": "",
                                    "right": "",
                                    "bottom": "",
                                    "left": "",
                                    "isLinked": true
                                },
                                "selected_icon": {
                                    "value": "fas fa-map-marker-alt",
                                    "library": "fa-solid"
                                }
                            },
                            "elements": [],
                            "isInner": false,
                            "widgetType": "icon-box",
                            "elType": "widget"
                        }
                    ],
                    "isInner": false,
                    "elType": "column"
                },
                {
                    "id": "478add15",
                    "settings": {
                        "_column_size": 33,
                        "_inline_size": null
                    },
                    "elements": [
                        {
                            "id": "73cd5bba",
                            "settings": {
                                "icon": "fa fa-money",
                                "title_text": "Construction Location",
                                "description_text": "$ 150,167,900",
                                "primary_color": "#ff3600",
                                "icon_size": {
                                    "unit": "px",
                                    "size": 38
                                },
                                "title_color": "#1d1d27",
                                "title_typography_typography": "custom",
                                "title_typography_font_size": {
                                    "unit": "rem",
                                    "size": 1.2
                                },
                                "description_color": "#434343",
                                "description_typography_typography": "custom",
                                "description_typography_font_size": {
                                    "unit": "rem",
                                    "size": 0.90000000000000002
                                },
                                "_padding": {
                                    "unit": "px",
                                    "top": "40",
                                    "right": "20",
                                    "bottom": "40",
                                    "left": "20",
                                    "isLinked": false
                                },
                                "_background_background": "classic",
                                "_background_color": "#ffffff",
                                "_border_radius": {
                                    "unit": "%",
                                    "top": "",
                                    "right": "",
                                    "bottom": "",
                                    "left": "",
                                    "isLinked": true
                                },
                                "selected_icon": {
                                    "value": "far fa-money-bill-alt",
                                    "library": "fa-regular"
                                }
                            },
                            "elements": [],
                            "isInner": false,
                            "widgetType": "icon-box",
                            "elType": "widget"
                        }
                    ],
                    "isInner": false,
                    "elType": "column"
                }
            ],
            "isInner": false,
            "elType": "section"
        },
        {
            "id": "b0402af",
            "settings": {
                "content_position": "middle",
                "structure": "20",
                "padding": {
                    "unit": "px",
                    "top": "60",
                    "right": "0",
                    "bottom": "60",
                    "left": "0",
                    "isLinked": false
                },
                "html_tag": "section",
                "background_background": "classic",
                "background_color": "#ffffff",
                "padding_tablet": {
                    "unit": "em",
                    "top": "3",
                    "right": "1",
                    "bottom": "3",
                    "left": "1",
                    "isLinked": false
                }
            },
            "elements": [
                {
                    "id": "a3f0175",
                    "settings": {
                        "_column_size": 50,
                        "_inline_size": null,
                        "padding": {
                            "unit": "em",
                            "top": "2",
                            "right": "2",
                            "bottom": "2",
                            "left": "2",
                            "isLinked": true
                        },
                        "padding_mobile": {
                            "unit": "em",
                            "top": "1",
                            "right": "1",
                            "bottom": "1",
                            "left": "1",
                            "isLinked": true
                        }
                    },
                    "elements": [
                        {
                            "id": "4cf32c9c",
                            "settings": {
                                "title": "talented individuals",
                                "header_size": "h4",
                                "align_mobile": "center"
                            },
                            "elements": [],
                            "isInner": false,
                            "widgetType": "heading",
                            "elType": "widget"
                        },
                        {
                            "id": "6a1cad5b",
                            "settings": {
                                "title": "with passion",
                                "align": "left",
                                "title_color": "#1d1d37",
                                "typography_typography": "custom",
                                "typography_font_size": {
                                    "unit": "em",
                                    "size": 3
                                },
                                "typography_font_weight": "700",
                                "_margin": {
                                    "unit": "px",
                                    "top": "-13",
                                    "right": "0",
                                    "bottom": "0",
                                    "left": "0",
                                    "isLinked": false
                                },
                                "align_mobile": "center"
                            },
                            "elements": [],
                            "isInner": false,
                            "widgetType": "heading",
                            "elType": "widget"
                        },
                        {
                            "id": "2096796f",
                            "settings": {
                                "weight": {
                                    "unit": "px",
                                    "size": 3.2999999999999998
                                },
                                "color": "#FF5E14",
                                "width": {
                                    "unit": "px",
                                    "size": 261
                                },
                                "gap": {
                                    "unit": "px",
                                    "size": 2
                                },
                                "_margin": {
                                    "unit": "px",
                                    "top": "-15",
                                    "right": "0",
                                    "bottom": "0",
                                    "left": "0",
                                    "isLinked": false
                                },
                                "text": "Divider",
                                "align": "left",
                                "style": "slashes",
                                "pattern_height": {
                                    "unit": "px",
                                    "size": 6.5,
                                    "sizes": []
                                },
                                "pattern_size": {
                                    "unit": "px",
                                    "size": 12.199999999999999,
                                    "sizes": []
                                },
                                "align_mobile": "center",
                                "width_mobile": {
                                    "unit": "%",
                                    "size": 100,
                                    "sizes": []
                                }
                            },
                            "elements": [],
                            "isInner": false,
                            "widgetType": "divider",
                            "elType": "widget"
                        },
                        {
                            "id": "73675cd",
                            "settings": {
                                "editor": "<p>Auctor augue mauris augue neque gravida in fermentum et. Fermentum iaculis eu non diam phasellus vestibulum. Lacus sed turpis tincidunt id aliquet risus feugiat in. Enim ut sem viverra aliquet.<\/p>"
                            },
                            "elements": [],
                            "isInner": false,
                            "widgetType": "text-editor",
                            "elType": "widget"
                        },
                        {
                            "id": "45b7d0a4",
                            "settings": {
                                "text": "our aproach",
                                "selected_icon": {
                                    "value": "fas fa-arrow-right",
                                    "library": "fa-solid"
                                },
                                "icon_align": "right",
                                "icon_indent": {
                                    "unit": "px",
                                    "size": 15,
                                    "sizes": []
                                },
                                "hover_animation": "float",
                                "align_mobile": "justify"
                            },
                            "elements": [],
                            "isInner": false,
                            "widgetType": "button",
                            "elType": "widget"
                        }
                    ],
                    "isInner": false,
                    "elType": "column"
                },
                {
                    "id": "469dfe0f",
                    "settings": {
                        "_column_size": 50,
                        "_inline_size": null,
                        "padding": {
                            "unit": "px",
                            "top": "30",
                            "right": "0",
                            "bottom": "30",
                            "left": "0",
                            "isLinked": false
                        }
                    },
                    "elements": [
                        {
                            "id": "72569d7e",
                            "settings": {
                                "image": {
                                    "url": "https:\/\/wp.envatoextensions.com\/collection-10\/wp-content\/uploads\/sites\/13\/2018\/05\/image-from-rawpixel-id-1390-jpeg.jpg",
                                    "id": 1209
                                }
                            },
                            "elements": [],
                            "isInner": false,
                            "widgetType": "image",
                            "elType": "widget"
                        }
                    ],
                    "isInner": false,
                    "elType": "column"
                }
            ],
            "isInner": false,
            "elType": "section"
        }
    ]
}