{
    "version": "0.4",
    "title": "Projects &#8211; 2 Columns",
    "type": "section",
    "metadata": {
        "template_type": "section",
        "elementor_pro_required": false,
        "wp_page_template": "default"
    },
    "content": [
        {
            "id": "54b5e61b",
            "settings": {
                "stretch_section": "section-stretched",
                "height": "min-height",
                "background_background": "classic",
                "background_image": {
                    "id": 79,
                    "url": "https:\/\/wp.envatoextensions.com\/collection-10\/wp-content\/uploads\/sites\/13\/2018\/05\/ant-rozetsky-140870-unsplash.jpg"
                },
                "background_repeat": "no-repeat",
                "background_size": "cover",
                "margin": {
                    "unit": "px",
                    "top": "",
                    "right": 0,
                    "bottom": "",
                    "left": 0,
                    "isLinked": true
                },
                "background_position": "center center",
                "html_tag": "header",
                "custom_height": {
                    "unit": "px",
                    "size": 550
                },
                "background_overlay_background": "gradient",
                "background_overlay_color": "#091441",
                "background_overlay_color_b": "rgba(46, 57, 111, 0.28)",
                "background_overlay_gradient_angle": {
                    "unit": "deg",
                    "size": 360,
                    "sizes": []
                },
                "background_overlay_opacity": {
                    "unit": "px",
                    "size": 1,
                    "sizes": []
                },
                "padding_mobile": {
                    "unit": "em",
                    "top": "1",
                    "right": "1",
                    "bottom": "1",
                    "left": "1",
                    "isLinked": true
                }
            },
            "elements": [
                {
                    "id": "76c9caab",
                    "settings": {
                        "_column_size": 100,
                        "margin": {
                            "unit": "%",
                            "top": "0",
                            "right": "50",
                            "bottom": "0",
                            "left": "0",
                            "isLinked": false
                        },
                        "margin_mobile": {
                            "unit": "px",
                            "top": "0",
                            "right": "0",
                            "bottom": "0",
                            "left": "0",
                            "isLinked": false
                        },
                        "padding": {
                            "unit": "em",
                            "top": "2",
                            "right": "2",
                            "bottom": "2",
                            "left": "2",
                            "isLinked": true
                        },
                        "padding_mobile": {
                            "unit": "px",
                            "top": "0",
                            "right": "0",
                            "bottom": "0",
                            "left": "0",
                            "isLinked": false
                        },
                        "_inline_size_tablet": 100,
                        "margin_tablet": {
                            "unit": "%",
                            "top": "0",
                            "right": "0",
                            "bottom": "0",
                            "left": "0",
                            "isLinked": false
                        },
                        "padding_tablet": {
                            "unit": "em",
                            "top": "2",
                            "right": "2",
                            "bottom": "2",
                            "left": "2",
                            "isLinked": true
                        }
                    },
                    "elements": [
                        {
                            "id": "5c748deb",
                            "settings": {
                                "title": "Experience that matters",
                                "header_size": "h4",
                                "align": "left",
                                "title_color": "#FFFFFF",
                                "typography_typography": "custom",
                                "typography_font_family": "Rajdhani",
                                "typography_font_size": {
                                    "unit": "em",
                                    "size": 1.5,
                                    "sizes": []
                                },
                                "typography_font_weight": "400",
                                "typography_text_transform": "capitalize",
                                "typography_font_style": "normal",
                                "typography_text_decoration": "none",
                                "align_mobile": "center"
                            },
                            "elements": [],
                            "isInner": false,
                            "widgetType": "heading",
                            "elType": "widget"
                        },
                        {
                            "id": "f54b6cc",
                            "settings": {
                                "title": "Featured Projects",
                                "header_size": "h1",
                                "align_mobile": "center"
                            },
                            "elements": [],
                            "isInner": false,
                            "widgetType": "heading",
                            "elType": "widget"
                        },
                        {
                            "id": "f6c2f90",
                            "settings": {
                                "weight": {
                                    "unit": "px",
                                    "size": 3.2999999999999998
                                },
                                "color": "#FF5E14",
                                "width": {
                                    "unit": "px",
                                    "size": 246
                                },
                                "gap": {
                                    "unit": "px",
                                    "size": 2
                                },
                                "_margin": {
                                    "unit": "px",
                                    "top": "-15",
                                    "right": "0",
                                    "bottom": "0",
                                    "left": "0",
                                    "isLinked": false
                                },
                                "text": "Divider",
                                "align": "left",
                                "style": "slashes",
                                "pattern_height": {
                                    "unit": "px",
                                    "size": 6.5,
                                    "sizes": []
                                },
                                "pattern_size": {
                                    "unit": "px",
                                    "size": 12.199999999999999,
                                    "sizes": []
                                },
                                "width_mobile": {
                                    "unit": "%",
                                    "size": 83,
                                    "sizes": []
                                },
                                "align_mobile": "center"
                            },
                            "elements": [],
                            "isInner": false,
                            "widgetType": "divider",
                            "elType": "widget"
                        },
                        {
                            "id": "2ddecdfa",
                            "settings": {
                                "text_color": "#FFFFFF"
                            },
                            "elements": [],
                            "isInner": false,
                            "widgetType": "text-editor",
                            "elType": "widget"
                        }
                    ],
                    "isInner": false,
                    "elType": "column"
                }
            ],
            "isInner": false,
            "elType": "section"
        },
        {
            "id": "7ee3a3ff",
            "settings": {
                "structure": "20",
                "html_tag": "section",
                "background_background": "classic",
                "background_color": "#ffffff",
                "margin": {
                    "unit": "px",
                    "top": "0",
                    "right": 0,
                    "bottom": "0",
                    "left": 0,
                    "isLinked": false
                },
                "padding": {
                    "unit": "em",
                    "top": "5",
                    "right": "0",
                    "bottom": "0",
                    "left": "0",
                    "isLinked": false
                }
            },
            "elements": [
                {
                    "id": "34263f7e",
                    "settings": {
                        "_column_size": 50,
                        "_inline_size": null,
                        "margin": {
                            "unit": "px",
                            "top": "0",
                            "right": "15",
                            "bottom": "0",
                            "left": "15",
                            "isLinked": false
                        }
                    },
                    "elements": [
                        {
                            "id": "31ecbebf",
                            "settings": {
                                "image": {
                                    "url": "https:\/\/wp.envatoextensions.com\/collection-10\/wp-content\/uploads\/sites\/13\/2018\/05\/aleksey-malinovski-554106-unsplash.jpg",
                                    "id": 75
                                },
                                "caption": "Offshore Project",
                                "caption_typography_typography": "custom",
                                "_margin": {
                                    "unit": "px",
                                    "top": "0",
                                    "right": "0",
                                    "bottom": "0",
                                    "left": "0",
                                    "isLinked": false
                                },
                                "_css_classes": "project-col-2 project-col",
                                "text_color": "#ff3600",
                                "caption_typography_font_size": {
                                    "unit": "px",
                                    "size": 14
                                },
                                "caption_typography_font_weight": "500",
                                "caption_typography_text_transform": "uppercase",
                                "caption_typography_line_height": {
                                    "unit": "em",
                                    "size": 3.5
                                },
                                "caption_typography_letter_spacing": {
                                    "unit": "px",
                                    "size": 1
                                },
                                "caption_space": {
                                    "unit": "px",
                                    "size": 0
                                },
                                "caption_source": "custom"
                            },
                            "elements": [],
                            "isInner": false,
                            "widgetType": "image",
                            "elType": "widget"
                        }
                    ],
                    "isInner": false,
                    "elType": "column"
                },
                {
                    "id": "396eb956",
                    "settings": {
                        "_column_size": 50,
                        "_inline_size": null,
                        "margin": {
                            "unit": "px",
                            "top": "0",
                            "right": "15",
                            "bottom": "0",
                            "left": "15",
                            "isLinked": false
                        }
                    },
                    "elements": [
                        {
                            "id": "2c69e580",
                            "settings": {
                                "image": {
                                    "url": "https:\/\/wp.envatoextensions.com\/collection-10\/wp-content\/uploads\/sites\/13\/2018\/05\/robin-sommer-559996-unsplash.jpg",
                                    "id": 76
                                },
                                "caption": "Refinery Factory",
                                "_css_classes": "project-col project-col-2",
                                "text_color": "#ff3600",
                                "caption_typography_typography": "custom",
                                "caption_typography_font_size": {
                                    "unit": "px",
                                    "size": 14
                                },
                                "caption_typography_font_weight": "500",
                                "caption_typography_text_transform": "uppercase",
                                "caption_typography_line_height": {
                                    "unit": "em",
                                    "size": 3.5
                                },
                                "caption_typography_letter_spacing": {
                                    "unit": "px",
                                    "size": 1
                                },
                                "caption_source": "custom"
                            },
                            "elements": [],
                            "isInner": false,
                            "widgetType": "image",
                            "elType": "widget"
                        }
                    ],
                    "isInner": false,
                    "elType": "column"
                }
            ],
            "isInner": false,
            "elType": "section"
        },
        {
            "id": "45d40b0a",
            "settings": {
                "structure": "20",
                "margin": {
                    "unit": "px",
                    "top": "30",
                    "right": 0,
                    "bottom": "0",
                    "left": 0,
                    "isLinked": false
                },
                "html_tag": "section",
                "background_background": "classic",
                "background_color": "#ffffff"
            },
            "elements": [
                {
                    "id": "7514d3f7",
                    "settings": {
                        "_column_size": 50,
                        "_inline_size": null,
                        "margin": {
                            "unit": "px",
                            "top": "0",
                            "right": "15",
                            "bottom": "0",
                            "left": "15",
                            "isLinked": false
                        }
                    },
                    "elements": [
                        {
                            "id": "721d2cc0",
                            "settings": {
                                "image": {
                                    "url": "https:\/\/wp.envatoextensions.com\/collection-10\/wp-content\/uploads\/sites\/13\/2018\/05\/igor-ovsyannykov-371066-unsplash.jpg",
                                    "id": 81
                                },
                                "caption": "Offshore Project",
                                "_margin": {
                                    "unit": "px",
                                    "top": "0",
                                    "right": "0",
                                    "bottom": "0",
                                    "left": "0",
                                    "isLinked": false
                                },
                                "_css_classes": "project-col-2 project-col",
                                "text_color": "#ff3600",
                                "caption_typography_typography": "custom",
                                "caption_typography_font_size": {
                                    "unit": "px",
                                    "size": 14
                                },
                                "caption_typography_font_weight": "500",
                                "caption_typography_text_transform": "uppercase",
                                "caption_typography_line_height": {
                                    "unit": "em",
                                    "size": 3.5
                                },
                                "caption_typography_letter_spacing": {
                                    "unit": "px",
                                    "size": 1
                                },
                                "caption_source": "custom"
                            },
                            "elements": [],
                            "isInner": false,
                            "widgetType": "image",
                            "elType": "widget"
                        }
                    ],
                    "isInner": false,
                    "elType": "column"
                },
                {
                    "id": "22c5338f",
                    "settings": {
                        "_column_size": 50,
                        "_inline_size": null,
                        "margin": {
                            "unit": "px",
                            "top": "0",
                            "right": "15",
                            "bottom": "0",
                            "left": "15",
                            "isLinked": false
                        }
                    },
                    "elements": [
                        {
                            "id": "31d97943",
                            "settings": {
                                "image": {
                                    "url": "https:\/\/wp.envatoextensions.com\/collection-10\/wp-content\/uploads\/sites\/13\/2018\/05\/jamie-street-105288-unsplash.jpg",
                                    "id": 82
                                },
                                "caption": "Refinery Factory",
                                "_css_classes": "project-col project-col-2",
                                "text_color": "#ff3600",
                                "caption_typography_typography": "custom",
                                "caption_typography_font_size": {
                                    "unit": "px",
                                    "size": 14
                                },
                                "caption_typography_font_weight": "500",
                                "caption_typography_text_transform": "uppercase",
                                "caption_typography_line_height": {
                                    "unit": "em",
                                    "size": 3.5
                                },
                                "caption_typography_letter_spacing": {
                                    "unit": "px",
                                    "size": 1
                                },
                                "caption_source": "custom"
                            },
                            "elements": [],
                            "isInner": false,
                            "widgetType": "image",
                            "elType": "widget"
                        }
                    ],
                    "isInner": false,
                    "elType": "column"
                }
            ],
            "isInner": false,
            "elType": "section"
        },
        {
            "id": "1f5daf02",
            "settings": {
                "structure": "20",
                "margin": {
                    "unit": "px",
                    "top": "30",
                    "right": 0,
                    "bottom": "0",
                    "left": 0,
                    "isLinked": false
                },
                "html_tag": "section",
                "background_background": "classic",
                "background_color": "#ffffff",
                "padding": {
                    "unit": "em",
                    "top": "0",
                    "right": "0",
                    "bottom": "5",
                    "left": "0",
                    "isLinked": false
                },
                "padding_tablet": {
                    "unit": "em",
                    "top": "0",
                    "right": "0",
                    "bottom": "5",
                    "left": "0",
                    "isLinked": false
                }
            },
            "elements": [
                {
                    "id": "654477c3",
                    "settings": {
                        "_column_size": 50,
                        "_inline_size": null,
                        "margin": {
                            "unit": "px",
                            "top": "0",
                            "right": "15",
                            "bottom": "0",
                            "left": "15",
                            "isLinked": false
                        }
                    },
                    "elements": [
                        {
                            "id": "71a4477e",
                            "settings": {
                                "image": {
                                    "url": "https:\/\/wp.envatoextensions.com\/collection-10\/wp-content\/uploads\/sites\/13\/2018\/05\/dominik-vanyi-632134-unsplash.jpg",
                                    "id": 80
                                },
                                "caption": "Offshore Project",
                                "_margin": {
                                    "unit": "px",
                                    "top": "0",
                                    "right": "0",
                                    "bottom": "0",
                                    "left": "0",
                                    "isLinked": false
                                },
                                "_css_classes": "project-col-2 project-col",
                                "text_color": "#ff3600",
                                "caption_typography_typography": "custom",
                                "caption_typography_font_size": {
                                    "unit": "px",
                                    "size": 14
                                },
                                "caption_typography_font_weight": "500",
                                "caption_typography_text_transform": "uppercase",
                                "caption_typography_line_height": {
                                    "unit": "em",
                                    "size": 3.5
                                },
                                "caption_typography_letter_spacing": {
                                    "unit": "px",
                                    "size": 1
                                },
                                "caption_source": "custom"
                            },
                            "elements": [],
                            "isInner": false,
                            "widgetType": "image",
                            "elType": "widget"
                        }
                    ],
                    "isInner": false,
                    "elType": "column"
                },
                {
                    "id": "529875c9",
                    "settings": {
                        "_column_size": 50,
                        "_inline_size": null,
                        "margin": {
                            "unit": "px",
                            "top": "0",
                            "right": "15",
                            "bottom": "0",
                            "left": "15",
                            "isLinked": false
                        }
                    },
                    "elements": [
                        {
                            "id": "337fff9b",
                            "settings": {
                                "image": {
                                    "url": "https:\/\/wp.envatoextensions.com\/collection-10\/wp-content\/uploads\/sites\/13\/2018\/05\/ant-rozetsky-140870-unsplash.jpg",
                                    "id": 79
                                },
                                "caption": "Refinery Factory",
                                "_css_classes": "project-col project-col-2",
                                "text_color": "#ff3600",
                                "caption_typography_typography": "custom",
                                "caption_typography_font_size": {
                                    "unit": "px",
                                    "size": 14
                                },
                                "caption_typography_font_weight": "500",
                                "caption_typography_text_transform": "uppercase",
                                "caption_typography_line_height": {
                                    "unit": "em",
                                    "size": 3.5
                                },
                                "caption_typography_letter_spacing": {
                                    "unit": "px",
                                    "size": 1
                                },
                                "caption_source": "custom"
                            },
                            "elements": [],
                            "isInner": false,
                            "widgetType": "image",
                            "elType": "widget"
                        }
                    ],
                    "isInner": false,
                    "elType": "column"
                }
            ],
            "isInner": false,
            "elType": "section"
        },
        {
            "id": "1227441c",
            "settings": {
                "background_background": "classic",
                "background_color": "#ECECEC",
                "padding": {
                    "unit": "em",
                    "top": "5",
                    "right": "2",
                    "bottom": "6",
                    "left": "2",
                    "isLinked": false
                },
                "structure": "20",
                "padding_mobile": {
                    "unit": "em",
                    "top": "3",
                    "right": "1",
                    "bottom": "3",
                    "left": "1",
                    "isLinked": false
                },
                "reverse_order_tablet": "reverse-tablet",
                "reverse_order_mobile": "reverse-mobile",
                "background_image": {
                    "url": "https:\/\/wp.envatoextensions.com\/collection-10\/wp-content\/uploads\/sites\/13\/2018\/05\/image-from-rawpixel-id-585155.jpg",
                    "id": 1086
                },
                "background_overlay_background": "classic",
                "background_overlay_color": "#FFFFFF"
            },
            "elements": [
                {
                    "id": "526c2f76",
                    "settings": {
                        "_column_size": 50,
                        "_inline_size": 50,
                        "padding_mobile": {
                            "unit": "em",
                            "top": "0",
                            "right": "0",
                            "bottom": "0",
                            "left": "0",
                            "isLinked": false
                        }
                    },
                    "elements": [
                        {
                            "id": "530ab32e",
                            "settings": {
                                "structure": "20",
                                "height_inner": "min-height",
                                "custom_height_inner": {
                                    "unit": "px",
                                    "size": 205,
                                    "sizes": []
                                }
                            },
                            "elements": [
                                {
                                    "id": "eb95dc4",
                                    "settings": {
                                        "_column_size": 50,
                                        "_inline_size": null,
                                        "content_position": "center",
                                        "align": "center",
                                        "background_background": "classic",
                                        "background_color": "#FFFFFF",
                                        "box_shadow_box_shadow_type": "yes",
                                        "box_shadow_box_shadow": {
                                            "horizontal": 0,
                                            "vertical": 11,
                                            "blur": 10,
                                            "spread": 0,
                                            "color": "rgba(0, 0, 0, 0.34)"
                                        },
                                        "margin": {
                                            "unit": "%",
                                            "top": "3",
                                            "right": "3",
                                            "bottom": "3",
                                            "left": "3",
                                            "isLinked": true
                                        }
                                    },
                                    "elements": [
                                        {
                                            "id": "e57aacb",
                                            "settings": {
                                                "image": {
                                                    "url": "https:\/\/wp.envatoextensions.com\/collection-10\/wp-content\/uploads\/sites\/13\/2018\/05\/Screen-Shot-2020-05-11-at-2.06.59-PM.png",
                                                    "id": 1040
                                                },
                                                "image_size": "medium",
                                                "width": {
                                                    "unit": "%",
                                                    "size": 75,
                                                    "sizes": []
                                                }
                                            },
                                            "elements": [],
                                            "isInner": false,
                                            "widgetType": "image",
                                            "elType": "widget"
                                        }
                                    ],
                                    "isInner": true,
                                    "elType": "column"
                                },
                                {
                                    "id": "36626d94",
                                    "settings": {
                                        "_column_size": 50,
                                        "_inline_size": null,
                                        "content_position": "center",
                                        "align": "center",
                                        "background_background": "classic",
                                        "background_color": "#FFFFFF",
                                        "box_shadow_box_shadow_type": "yes",
                                        "box_shadow_box_shadow": {
                                            "horizontal": 0,
                                            "vertical": 11,
                                            "blur": 10,
                                            "spread": 0,
                                            "color": "rgba(0, 0, 0, 0.34)"
                                        },
                                        "margin": {
                                            "unit": "%",
                                            "top": "3",
                                            "right": "3",
                                            "bottom": "3",
                                            "left": "3",
                                            "isLinked": true
                                        }
                                    },
                                    "elements": [
                                        {
                                            "id": "13b5affa",
                                            "settings": {
                                                "image": {
                                                    "url": "https:\/\/wp.envatoextensions.com\/collection-10\/wp-content\/uploads\/sites\/13\/2018\/05\/Screen-Shot-2020-05-11-at-2.07.12-PM.png",
                                                    "id": 1041
                                                },
                                                "image_size": "medium",
                                                "width": {
                                                    "unit": "%",
                                                    "size": 75,
                                                    "sizes": []
                                                }
                                            },
                                            "elements": [],
                                            "isInner": false,
                                            "widgetType": "image",
                                            "elType": "widget"
                                        }
                                    ],
                                    "isInner": true,
                                    "elType": "column"
                                }
                            ],
                            "isInner": true,
                            "elType": "section"
                        },
                        {
                            "id": "3172d70b",
                            "settings": {
                                "structure": "20",
                                "height_inner": "min-height",
                                "custom_height_inner": {
                                    "unit": "px",
                                    "size": 205,
                                    "sizes": []
                                }
                            },
                            "elements": [
                                {
                                    "id": "7ae80178",
                                    "settings": {
                                        "_column_size": 50,
                                        "_inline_size": null,
                                        "content_position": "center",
                                        "align": "center",
                                        "background_background": "classic",
                                        "background_color": "#FFFFFF",
                                        "box_shadow_box_shadow_type": "yes",
                                        "box_shadow_box_shadow": {
                                            "horizontal": 0,
                                            "vertical": 11,
                                            "blur": 10,
                                            "spread": 0,
                                            "color": "rgba(0, 0, 0, 0.34)"
                                        },
                                        "margin": {
                                            "unit": "%",
                                            "top": "3",
                                            "right": "3",
                                            "bottom": "3",
                                            "left": "3",
                                            "isLinked": true
                                        }
                                    },
                                    "elements": [
                                        {
                                            "id": "15056a8",
                                            "settings": {
                                                "image": {
                                                    "url": "https:\/\/wp.envatoextensions.com\/collection-10\/wp-content\/uploads\/sites\/13\/2018\/05\/Screen-Shot-2020-05-11-at-2.07.30-PM.png",
                                                    "id": 1043
                                                },
                                                "image_size": "medium",
                                                "width": {
                                                    "unit": "%",
                                                    "size": 75,
                                                    "sizes": []
                                                }
                                            },
                                            "elements": [],
                                            "isInner": false,
                                            "widgetType": "image",
                                            "elType": "widget"
                                        }
                                    ],
                                    "isInner": true,
                                    "elType": "column"
                                },
                                {
                                    "id": "d9b91c7",
                                    "settings": {
                                        "_column_size": 50,
                                        "_inline_size": null,
                                        "content_position": "center",
                                        "align": "center",
                                        "background_background": "classic",
                                        "background_color": "#FFFFFF",
                                        "box_shadow_box_shadow_type": "yes",
                                        "box_shadow_box_shadow": {
                                            "horizontal": 0,
                                            "vertical": 11,
                                            "blur": 10,
                                            "spread": 0,
                                            "color": "rgba(0, 0, 0, 0.34)"
                                        },
                                        "margin": {
                                            "unit": "%",
                                            "top": "3",
                                            "right": "3",
                                            "bottom": "3",
                                            "left": "3",
                                            "isLinked": true
                                        }
                                    },
                                    "elements": [
                                        {
                                            "id": "1344f6db",
                                            "settings": {
                                                "image": {
                                                    "url": "https:\/\/wp.envatoextensions.com\/collection-10\/wp-content\/uploads\/sites\/13\/2018\/05\/Screen-Shot-2020-05-11-at-2.07.19-PM.png",
                                                    "id": 1042
                                                },
                                                "image_size": "medium",
                                                "width": {
                                                    "unit": "%",
                                                    "size": 75,
                                                    "sizes": []
                                                }
                                            },
                                            "elements": [],
                                            "isInner": false,
                                            "widgetType": "image",
                                            "elType": "widget"
                                        }
                                    ],
                                    "isInner": true,
                                    "elType": "column"
                                }
                            ],
                            "isInner": true,
                            "elType": "section"
                        }
                    ],
                    "isInner": false,
                    "elType": "column"
                },
                {
                    "id": "42f7b136",
                    "settings": {
                        "_column_size": 50,
                        "_inline_size": 50,
                        "content_position": "center",
                        "padding": {
                            "unit": "em",
                            "top": "2",
                            "right": "2",
                            "bottom": "2",
                            "left": "2",
                            "isLinked": true
                        },
                        "padding_mobile": {
                            "unit": "px",
                            "top": "0",
                            "right": "0",
                            "bottom": "0",
                            "left": "0",
                            "isLinked": false
                        }
                    },
                    "elements": [
                        {
                            "id": "67cb3cf",
                            "settings": {
                                "title": "strategi aliances",
                                "header_size": "h4",
                                "align_mobile": "center"
                            },
                            "elements": [],
                            "isInner": false,
                            "widgetType": "heading",
                            "elType": "widget"
                        },
                        {
                            "id": "393cd87d",
                            "settings": {
                                "title": "some of our partners",
                                "align_mobile": "center"
                            },
                            "elements": [],
                            "isInner": false,
                            "widgetType": "heading",
                            "elType": "widget"
                        },
                        {
                            "id": "4e2e6148",
                            "settings": {
                                "weight": {
                                    "unit": "px",
                                    "size": 3.2999999999999998
                                },
                                "color": "#FF5E14",
                                "width": {
                                    "unit": "px",
                                    "size": 439
                                },
                                "gap": {
                                    "unit": "px",
                                    "size": 2
                                },
                                "_margin": {
                                    "unit": "px",
                                    "top": "-15",
                                    "right": "0",
                                    "bottom": "0",
                                    "left": "0",
                                    "isLinked": false
                                },
                                "style": "slashes",
                                "align": "left",
                                "text": "Divider",
                                "pattern_height": {
                                    "unit": "px",
                                    "size": 6.5,
                                    "sizes": []
                                },
                                "pattern_size": {
                                    "unit": "px",
                                    "size": 12.199999999999999,
                                    "sizes": []
                                },
                                "width_tablet": {
                                    "unit": "%",
                                    "size": 66,
                                    "sizes": []
                                },
                                "align_mobile": "center"
                            },
                            "elements": [],
                            "isInner": false,
                            "widgetType": "divider",
                            "elType": "widget"
                        },
                        {
                            "id": "1ea44f2",
                            "settings": [],
                            "elements": [],
                            "isInner": false,
                            "widgetType": "text-editor",
                            "elType": "widget"
                        }
                    ],
                    "isInner": false,
                    "elType": "column"
                }
            ],
            "isInner": false,
            "elType": "section"
        },
        {
            "id": "15125487",
            "settings": {
                "content_position": "middle",
                "structure": "20",
                "padding": {
                    "unit": "px",
                    "top": "60",
                    "right": "0",
                    "bottom": "60",
                    "left": "0",
                    "isLinked": false
                },
                "html_tag": "section",
                "background_background": "classic",
                "background_color": "#ffffff",
                "padding_tablet": {
                    "unit": "em",
                    "top": "3",
                    "right": "1",
                    "bottom": "3",
                    "left": "1",
                    "isLinked": false
                }
            },
            "elements": [
                {
                    "id": "6eb6a8cf",
                    "settings": {
                        "_column_size": 50,
                        "_inline_size": null,
                        "padding": {
                            "unit": "em",
                            "top": "2",
                            "right": "2",
                            "bottom": "2",
                            "left": "2",
                            "isLinked": true
                        },
                        "padding_mobile": {
                            "unit": "em",
                            "top": "1",
                            "right": "1",
                            "bottom": "1",
                            "left": "1",
                            "isLinked": true
                        }
                    },
                    "elements": [
                        {
                            "id": "703b1043",
                            "settings": {
                                "title": "talented individuals",
                                "header_size": "h4",
                                "align_mobile": "center"
                            },
                            "elements": [],
                            "isInner": false,
                            "widgetType": "heading",
                            "elType": "widget"
                        },
                        {
                            "id": "6452e692",
                            "settings": {
                                "title": "with passion",
                                "align": "left",
                                "title_color": "#1d1d37",
                                "typography_typography": "custom",
                                "typography_font_size": {
                                    "unit": "em",
                                    "size": 3
                                },
                                "typography_font_weight": "700",
                                "_margin": {
                                    "unit": "px",
                                    "top": "-13",
                                    "right": "0",
                                    "bottom": "0",
                                    "left": "0",
                                    "isLinked": false
                                },
                                "align_mobile": "center"
                            },
                            "elements": [],
                            "isInner": false,
                            "widgetType": "heading",
                            "elType": "widget"
                        },
                        {
                            "id": "42f6447",
                            "settings": {
                                "weight": {
                                    "unit": "px",
                                    "size": 3.2999999999999998
                                },
                                "color": "#FF5E14",
                                "width": {
                                    "unit": "px",
                                    "size": 261
                                },
                                "gap": {
                                    "unit": "px",
                                    "size": 2
                                },
                                "_margin": {
                                    "unit": "px",
                                    "top": "-15",
                                    "right": "0",
                                    "bottom": "0",
                                    "left": "0",
                                    "isLinked": false
                                },
                                "text": "Divider",
                                "align": "left",
                                "style": "slashes",
                                "pattern_height": {
                                    "unit": "px",
                                    "size": 6.5,
                                    "sizes": []
                                },
                                "pattern_size": {
                                    "unit": "px",
                                    "size": 12.199999999999999,
                                    "sizes": []
                                },
                                "align_mobile": "center",
                                "width_mobile": {
                                    "unit": "%",
                                    "size": 100,
                                    "sizes": []
                                }
                            },
                            "elements": [],
                            "isInner": false,
                            "widgetType": "divider",
                            "elType": "widget"
                        },
                        {
                            "id": "2a8752d7",
                            "settings": {
                                "editor": "<p>Auctor augue mauris augue neque gravida in fermentum et. Fermentum iaculis eu non diam phasellus vestibulum. Lacus sed turpis tincidunt id aliquet risus feugiat in. Enim ut sem viverra aliquet.<\/p>"
                            },
                            "elements": [],
                            "isInner": false,
                            "widgetType": "text-editor",
                            "elType": "widget"
                        },
                        {
                            "id": "4c54de7b",
                            "settings": {
                                "text": "our aproach",
                                "selected_icon": {
                                    "value": "fas fa-arrow-right",
                                    "library": "fa-solid"
                                },
                                "icon_align": "right",
                                "icon_indent": {
                                    "unit": "px",
                                    "size": 15,
                                    "sizes": []
                                },
                                "hover_animation": "float",
                                "align_mobile": "justify"
                            },
                            "elements": [],
                            "isInner": false,
                            "widgetType": "button",
                            "elType": "widget"
                        }
                    ],
                    "isInner": false,
                    "elType": "column"
                },
                {
                    "id": "7d3d16bd",
                    "settings": {
                        "_column_size": 50,
                        "_inline_size": null,
                        "padding": {
                            "unit": "px",
                            "top": "30",
                            "right": "0",
                            "bottom": "30",
                            "left": "0",
                            "isLinked": false
                        }
                    },
                    "elements": [
                        {
                            "id": "75acb0ba",
                            "settings": {
                                "image": {
                                    "url": "https:\/\/wp.envatoextensions.com\/collection-10\/wp-content\/uploads\/sites\/13\/2018\/05\/image-from-rawpixel-id-1390-jpeg.jpg",
                                    "id": 1209
                                }
                            },
                            "elements": [],
                            "isInner": false,
                            "widgetType": "image",
                            "elType": "widget"
                        }
                    ],
                    "isInner": false,
                    "elType": "column"
                }
            ],
            "isInner": false,
            "elType": "section"
        }
    ]
}